Time,Out_Irad,Out_Tem,In_Hum,Ave_Air_Tem
13/07/2023 09:18,288.6906,34.1,57.4,34.4
13/07/2023 09:23,300.6094,33.7,58.1,34.4
13/07/2023 09:28,250.5853,33.4,57.9,34.43333333
13/07/2023 09:33,295.2974,33.1,58.5,34.26666667
13/07/2023 09:38,292.409,32.7,57.8,34.2
13/07/2023 09:43,273.0451,32.7,58.7,34.2
13/07/2023 09:48,268.2062,32.6,59.2,34.36666667
13/07/2023 09:53,283.9015,32.8,59.5,34.7
13/07/2023 09:58,272.4392,32.5,59.2,34.96666667
13/07/2023 10:03,305.0914,32.4,58.7,35.06666667
13/07/2023 10:08,342.9892,32.7,58.2,35.36666667
13/07/2023 10:13,286.5326,32.9,59.2,35.63333333
13/07/2023 10:18,240.036,32.6,58.4,35.4
13/07/2023 10:23,288.9147,32,58.8,35.46666667
13/07/2023 10:28,272.7878,32.3,58.8,35.4
13/07/2023 10:33,265.5502,32.3,58.4,35.6
13/07/2023 10:38,241.6296,32.2,59.3,35.53333333
13/07/2023 10:43,208.9193,31.8,59.6,35.43333333
13/07/2023 10:48,180.0851,31.7,59.9,35.66666667
13/07/2023 10:53,89.5819,31.6,60.7,35.53333333
13/07/2023 10:58,73.4882,31.2,61.6,35.46666667
13/07/2023 11:03,68.4999,30.9,62.7,35.6
13/07/2023 11:08,68.7738,30.8,63.5,35.7
13/07/2023 11:13,66.4747,30.5,64.1,36.16666667
13/07/2023 11:18,61.1295,30.4,63.5,36.86666667
13/07/2023 11:23,53.7674,30.5,64.1,36.76666667
13/07/2023 11:28,45.1603,30.4,64.8,37
13/07/2023 11:33,25.1822,30.2,64.3,37.26666667
13/07/2023 11:38,30.1456,30,65.5,37.3
13/07/2023 11:43,32.6024,29.9,64.9,37.53333333
13/07/2023 11:48,32.9593,29.8,65.5,37.2
13/07/2023 11:53,28.2449,29.7,64.5,37.06666667
13/07/2023 11:58,23.6882,29.6,64.1,36.63333333
13/07/2023 12:03,18.9572,29.5,64.6,36.23333333
13/07/2023 12:08,15.3633,29.5,64.1,35.7
13/07/2023 12:13,13.5124,29.1,64.9,35.46666667
13/07/2023 12:18,11.5868,29,65.7,36.06666667
13/07/2023 12:23,8.9557,28.9,65.9,35.6
13/07/2023 12:28,6.1503,28.9,66,35.26666667
13/07/2023 12:33,3.7433,28.9,66.2,35.13333333
13/07/2023 12:38,2.1746,29,65.9,35.2
13/07/2023 12:43,1.2118,28.8,65.7,35.26666667
13/07/2023 12:48,0.5063,28.9,66.1,35.26666667
13/07/2023 12:53,0.3735,28.8,66,35.1
13/07/2023 12:58,0.2241,28.8,65.9,34.8
13/07/2023 13:03,0.0747,28.8,65.7,34.6
13/07/2023 13:08,0.0249,28.8,65.4,34.5
13/07/2023 13:13,0,28.8,65.6,34.43333333
13/07/2023 13:18,0,28.7,65.8,34.36666667
13/07/2023 13:23,0,28.6,65.6,34.26666667
13/07/2023 13:28,0,28.5,66,34.1
13/07/2023 13:33,0,28.3,65.9,34.03333333
13/07/2023 13:38,0,28.4,65.9,34
13/07/2023 13:43,0,28.4,65.9,33.96666667
13/07/2023 13:48,0,28.3,66.2,34.06666667
13/07/2023 13:53,0,28.4,66.1,34.1
13/07/2023 13:58,0,28.4,66.5,34.13333333
13/07/2023 14:03,0,28.3,66.4,34.43333333
13/07/2023 14:08,0,28.3,65.9,34.46666667
13/07/2023 14:13,0,28.2,65.7,35.16666667
13/07/2023 14:18,0,28.3,65.4,35.46666667
13/07/2023 14:23,0,28.3,65.2,35.4
13/07/2023 14:28,0,28.2,65,35.5
13/07/2023 14:33,0,28.2,65.3,35.86666667
13/07/2023 14:38,0,27.9,64.8,36.06666667
13/07/2023 14:43,0,28.1,64.6,36.4
13/07/2023 14:48,0,27.8,64.2,36.46666667
13/07/2023 14:53,0,27.6,64.6,36.43333333
13/07/2023 14:58,0,27.2,64.7,35.76666667
13/07/2023 15:03,0,27,63.7,35.76666667
13/07/2023 15:08,0,26.8,64.6,35.83333333
13/07/2023 15:13,0,26.7,64.8,36.06666667
13/07/2023 15:18,0,26.6,65.2,35.73333333
13/07/2023 15:23,0,26.6,64.6,35.46666667
13/07/2023 15:28,0,26.5,64.5,34.5
13/07/2023 15:33,0,26.6,64.3,33.8
13/07/2023 15:38,0,26.6,64.2,33.53333333
13/07/2023 15:43,0,26.5,64,33.2
13/07/2023 15:48,0,26.7,64.1,33.1
13/07/2023 15:53,0,26,64.5,32.9
13/07/2023 15:58,0,25.8,64.9,33.03333333
13/07/2023 16:03,0,25.5,65.1,33.46666667
13/07/2023 16:08,0,25,66.3,33.36666667
13/07/2023 16:13,0,25,67.6,33.03333333
13/07/2023 16:18,0,25,68.2,32.8
13/07/2023 16:23,0,25,69,32.6
13/07/2023 16:28,0,24.8,68.6,32.4
13/07/2023 16:33,0,24.7,68.5,32.3
13/07/2023 16:38,0,24.7,69.4,32.23333333
13/07/2023 16:43,0,24.2,69.3,32.13333333
13/07/2023 16:48,0,24.1,69.6,31.96666667
13/07/2023 16:53,0,24.1,70.5,31.93333333
13/07/2023 16:58,0,24,70.5,31.86666667
13/07/2023 17:03,0,23.5,70.9,31.83333333
13/07/2023 17:08,0,22.9,74,31.76666667
13/07/2023 17:13,0,22.7,76.2,31.5
13/07/2023 17:18,0,22.3,78.1,31.1
13/07/2023 17:23,0,22.2,79.4,31
13/07/2023 17:28,0,22,81.5,30.93333333
13/07/2023 17:33,0,21.9,80.8,30.93333333
13/07/2023 17:38,0,21.8,82.1,30.83333333
13/07/2023 17:43,0,21.7,82.3,30.66666667
13/07/2023 17:48,0,21.7,82.2,30.43333333
13/07/2023 17:53,0,21.5,82.9,30.16666667
13/07/2023 17:58,0,21.6,83.5,29.93333333
13/07/2023 18:03,0,21.6,83.6,29.86666667
13/07/2023 18:08,0,21.5,83.9,29.73333333
13/07/2023 18:13,0,21.3,84.1,29.56666667
13/07/2023 18:18,0,21.4,84.2,29.4
13/07/2023 18:23,0,21.4,84.3,29.33333333
13/07/2023 18:28,0,21.3,84.5,29.33333333
13/07/2023 18:33,0,21.2,84.3,29.16666667
13/07/2023 18:38,0,21.2,84.6,29.1
13/07/2023 18:43,0,21.3,85.6,29.03333333
13/07/2023 18:48,0,21.2,85.4,28.93333333
13/07/2023 18:53,0,21.2,85.5,28.86666667
13/07/2023 18:58,0,21.3,85.1,28.83333333
13/07/2023 19:03,0,21,85.3,28.76666667
13/07/2023 19:08,0,21,83.8,28.66666667
13/07/2023 19:13,0,20.8,84.2,28.46666667
13/07/2023 19:18,0,20.8,84.7,28.4
13/07/2023 19:23,0,20.8,84.9,28.2
13/07/2023 19:28,0,20.8,84.3,28.16666667
13/07/2023 19:33,0,20.8,84.4,28.13333333
13/07/2023 19:38,0,20.8,85.3,28.1
13/07/2023 19:43,0,20.9,85.4,28
13/07/2023 19:48,0,20.9,84.8,28
13/07/2023 19:53,0,20.9,85.3,27.93333333
13/07/2023 19:58,0,20.9,86.3,27.93333333
13/07/2023 20:03,0,21,85.1,27.96666667
13/07/2023 20:08,0,21.1,85.6,27.93333333
13/07/2023 20:13,0,21.2,85.8,27.93333333
13/07/2023 20:18,0,21,86,27.86666667
13/07/2023 20:23,0,21,86.5,27.86666667
13/07/2023 20:28,0,21,86.7,27.8
13/07/2023 20:33,0,20.8,86.4,27.7
13/07/2023 20:38,0,20.6,86.2,27.7
13/07/2023 20:43,0,20.7,87.2,27.6
13/07/2023 20:48,0,20.5,87.5,27.53333333
13/07/2023 20:53,0,20.3,87.9,27.5
13/07/2023 20:58,0,20.4,88.1,27.5
13/07/2023 21:03,0,20.4,88.1,27.46666667
13/07/2023 21:08,0,20.3,88,27.43333333
13/07/2023 21:13,0,20.2,88.4,27.4
13/07/2023 21:18,0,20.2,88,27.46666667
13/07/2023 21:23,0,20.1,88.3,27.43333333
13/07/2023 21:28,0,20,87.8,27.36666667
13/07/2023 21:33,0,19.9,87.9,27.33333333
13/07/2023 21:38,0,19.9,88.2,27.26666667
13/07/2023 21:43,0,19.9,89.4,27.13333333
13/07/2023 21:48,0,19.7,88.5,27.16666667
13/07/2023 21:53,0,19.7,88.6,27.1
13/07/2023 21:58,0,19.7,89.2,26.96666667
13/07/2023 22:03,0,19.6,89.9,26.86666667
13/07/2023 22:08,0,19.7,90.3,26.73333333
13/07/2023 22:13,0,19.7,90.1,26.7
13/07/2023 22:18,0,19.8,90.3,26.63333333
13/07/2023 22:23,0,19.8,90,26.6
13/07/2023 22:28,0,19.8,90.4,26.56666667
13/07/2023 22:33,0,19.8,90.2,26.56666667
13/07/2023 22:38,0,19.8,89.8,26.53333333
13/07/2023 22:43,0,19.6,89.7,26.46666667
13/07/2023 22:48,0,19.6,89.1,26.5
13/07/2023 22:53,0,19.8,89.6,26.43333333
13/07/2023 22:58,0,19.7,90,26.36666667
13/07/2023 23:03,0.0249,19.7,90,26.26666667
13/07/2023 23:08,0.0498,19.7,89.9,26.16666667
13/07/2023 23:13,0.0996,19.6,90.1,25.96666667
13/07/2023 23:18,0.1992,19.6,89.4,25.96666667
13/07/2023 23:23,0.3486,19.5,90.3,25.9
13/07/2023 23:28,0.5312,19.5,90.1,25.9
13/07/2023 23:33,0.7304,19.5,89.9,25.83333333
13/07/2023 23:38,0.8549,19.6,90.1,25.76666667
13/07/2023 23:43,0.83,19.6,90,25.7
13/07/2023 23:48,1.0873,19.6,90.6,25.56666667
13/07/2023 23:53,1.2865,19.5,90.3,25.56666667
13/07/2023 23:58,1.2118,19.5,90.4,25.46666667
14/07/2023 00:03,1.7181,19.6,90.2,25.46666667
14/07/2023 00:08,2.5813,19.6,91,25.23333333
14/07/2023 00:13,2.8054,19.5,90.4,25.13333333
14/07/2023 00:18,2.8303,19.6,90.2,24.9
14/07/2023 00:23,4.0172,19.6,90.9,24.73333333
14/07/2023 00:28,4.5235,19.6,90.5,24.73333333
14/07/2023 00:33,4.4737,19.8,89.9,24.7
14/07/2023 00:38,4.8555,19.8,89.6,24.66666667
14/07/2023 00:43,6.3246,19.8,90.1,24.6
14/07/2023 00:48,7.2376,19.8,90.3,24.6
14/07/2023 00:53,8.6818,19.8,90.1,24.66666667
14/07/2023 00:58,12.201,19.9,89.9,24.66666667
14/07/2023 01:03,13.2883,19.8,90.6,24.66666667
14/07/2023 01:08,14.525,19.9,90.6,24.7
14/07/2023 01:13,18.2517,19.8,89.9,24.7
14/07/2023 01:18,23.738,19.9,89.7,24.73333333
14/07/2023 01:23,27.7386,19.9,90.5,24.6
14/07/2023 01:28,32.1708,19.8,89.7,24.66666667
14/07/2023 01:33,36.9018,19.9,89.1,24.7
14/07/2023 01:38,36.4785,19.8,89,24.66666667
14/07/2023 01:43,34.6027,19.8,88.2,24.7
14/07/2023 01:48,42.4462,19.8,88,24.73333333
14/07/2023 01:53,46.6045,19.8,88.1,24.73333333
14/07/2023 01:58,41.6162,19.9,88.7,24.63333333
14/07/2023 02:03,42.6039,19.9,88,24.66666667
14/07/2023 02:08,60.5485,20,88.3,24.56666667
14/07/2023 02:13,73.0566,20.1,87.8,24.6
14/07/2023 02:18,76.9576,20.1,88,24.53333333
14/07/2023 02:23,71.4381,20,87.9,24.53333333
14/07/2023 02:28,84.1454,20.1,87.3,24.5
14/07/2023 02:33,94.8524,20.4,87.1,24.6
14/07/2023 02:38,98.3716,20.3,86.6,24.66666667
14/07/2023 02:43,95.8401,20.4,86.1,24.73333333
14/07/2023 02:48,92.1964,20.5,86,24.73333333
14/07/2023 02:53,80.3689,20.7,84.7,24.83333333
14/07/2023 02:58,79.3065,20.6,84.7,24.86666667
14/07/2023 03:03,70.9069,20.7,84.1,24.83333333
14/07/2023 03:08,65.2297,20.6,84.6,24.83333333
14/07/2023 03:13,64.6736,20.8,83.4,24.9
14/07/2023 03:18,69.8943,20.8,83.1,24.9
14/07/2023 03:23,80.2444,20.9,83.4,24.9
14/07/2023 03:28,77.2315,21.2,83.1,24.9
14/07/2023 03:33,74.6751,21.2,83,24.9
14/07/2023 03:38,75.862,21.3,82.1,24.96666667
14/07/2023 03:43,75.9699,21.1,81.5,24.96666667
14/07/2023 03:48,72.6748,21.2,81.4,24.9
14/07/2023 03:53,72.5752,21.1,81.7,24.83333333
14/07/2023 03:58,73.206,20.9,82.1,24.8
14/07/2023 04:03,77.4639,21,83.1,24.76666667
14/07/2023 04:08,83.664,21,81.8,24.76666667
14/07/2023 04:13,87.482,21.1,81.9,24.8
14/07/2023 04:18,93.5825,21.4,81.9,24.83333333
14/07/2023 04:23,103.2852,21.5,80.4,24.8
14/07/2023 04:28,106.7961,21.3,78.9,24.8
14/07/2023 04:33,104.8539,21.3,77,24.8
14/07/2023 04:38,91.6071,21.3,76.2,24.76666667
14/07/2023 04:43,96.9274,21.5,76.8,24.76666667
14/07/2023 04:48,100.0897,21.4,76.2,24.8
14/07/2023 04:53,100.347,21.3,76.2,24.76666667
14/07/2023 04:58,95.1014,21.3,74.4,24.76666667
14/07/2023 05:03,93.8896,21.2,74.1,24.73333333
14/07/2023 05:08,98.6704,21.3,74.5,24.7
14/07/2023 05:13,104.9286,21.4,74.3,24.76666667
14/07/2023 05:18,111.967,21.6,74.3,24.73333333
14/07/2023 05:23,113.6353,21.4,74.2,24.7
14/07/2023 05:28,105.2772,21.5,73.3,24.76666667
14/07/2023 05:33,114.955,21.4,73,24.73333333
14/07/2023 05:38,131.8123,21.7,73.5,24.8
14/07/2023 05:43,127.3552,21.9,73.7,24.83333333
14/07/2023 05:48,123.1056,21.8,73.5,24.86666667
14/07/2023 05:53,148.238,22,73.6,24.9
14/07/2023 05:58,154.2389,22.2,73.8,25
14/07/2023 06:03,171.0215,22.5,73.3,25.1
14/07/2023 06:08,184.8244,22.2,71,25.26666667
14/07/2023 06:13,192.062,22.4,71.1,25.23333333
14/07/2023 06:18,211.5006,22.6,68.9,25.26666667
14/07/2023 06:23,160.7212,22.3,67.6,25.33333333
14/07/2023 06:28,156.1147,22.6,67.3,25.4
14/07/2023 06:33,125.7367,22.5,68.3,25.4
14/07/2023 06:38,131.638,22.4,67.8,25.36666667
14/07/2023 06:43,113.8096,22.3,66.7,25.46666667
14/07/2023 06:48,118.2418,22.4,67.7,25.26666667
14/07/2023 06:53,153.7077,22.4,67.2,25.36666667
14/07/2023 06:58,160.4971,22.6,67.8,25.26666667
14/07/2023 07:03,139.1495,22.6,67.7,25.36666667
14/07/2023 07:08,110.6971,22.9,67.6,25.4
14/07/2023 07:13,127.986,23,68,25.3
14/07/2023 07:18,121.6863,22.9,67.1,25.36666667
14/07/2023 07:23,175.0719,23.2,67.3,25.4
14/07/2023 07:28,176.4414,23.3,66.9,25.46666667
14/07/2023 07:33,154.214,23.5,66.4,25.46666667
14/07/2023 07:38,213.9574,23.4,64.7,25.7
14/07/2023 07:43,222.8716,24,64.7,25.8
14/07/2023 07:48,227.4532,24.2,64.1,26
14/07/2023 07:53,162.1654,24.5,63.2,26.1
14/07/2023 07:58,365.7478,24.7,62.9,26.23333333
14/07/2023 08:03,308.4114,24.8,61.7,26.46666667
14/07/2023 08:08,488.9281,25.1,61.1,26.5
14/07/2023 08:13,922.4454,25.9,57.5,26.9
14/07/2023 08:18,442.805,26,55,27.3
14/07/2023 08:23,257.4743,25.3,55.2,27.43333333
14/07/2023 08:28,359.1659,25.6,53.3,27.63333333
14/07/2023 08:33,174.9225,25.5,53.4,27.56666667
14/07/2023 08:38,118.0426,24.9,56.5,27.2
14/07/2023 08:43,131.4554,24.8,57.8,27.1
14/07/2023 08:48,287.8523,25,59.1,26.96666667
14/07/2023 08:53,543.2848,26.5,59.4,27.16666667
14/07/2023 08:58,437.161,26.9,56.7,27.43333333
14/07/2023 09:03,252.3864,26.2,54.9,27.66666667
14/07/2023 09:08,268.92,25.5,55.5,27.53333333
14/07/2023 09:13,364.8099,26,55.4,27.76666667
14/07/2023 09:18,461.1812,26.2,54.5,28
14/07/2023 09:23,400.7323,26.2,54.3,28.06666667
14/07/2023 09:28,395.8187,26.2,54.3,28.2
14/07/2023 09:33,228.4658,25.3,54,28.3
14/07/2023 09:38,261.8567,25.5,55.9,28.13333333
14/07/2023 09:43,229.1464,25.9,56.6,28.13333333
14/07/2023 09:48,211.5006,25.4,57.4,28.03333333
14/07/2023 09:53,234.0102,25.3,58,27.86666667
14/07/2023 09:58,461.1563,26.5,60.2,27.8
14/07/2023 10:03,361.1911,26.6,60.6,27.86666667
14/07/2023 10:08,260.9437,25.5,59.7,27.9
14/07/2023 10:13,348.2763,25.9,58.2,27.93333333
14/07/2023 10:18,316.4624,26.2,59.2,27.8
14/07/2023 10:23,492.0157,26.8,57.9,28.03333333
14/07/2023 10:28,505.968,27.2,57.8,28.2
14/07/2023 10:33,494.1156,26.9,56,28.5
14/07/2023 10:38,487.5337,27.1,55.3,28.66666667
14/07/2023 10:43,464.7253,27.6,54.8,28.63333333
14/07/2023 10:48,432.5794,28.1,56,28.5
14/07/2023 10:53,420.5278,27.7,56.2,28.53333333
14/07/2023 10:58,394.1504,27,54.2,28.76666667
14/07/2023 11:03,367.7481,27,55.5,28.73333333
14/07/2023 11:08,353.4472,26.6,53.8,28.9
14/07/2023 11:13,329.2693,26.9,54.6,29.03333333
14/07/2023 11:18,305.523,26.5,53.8,29.1
14/07/2023 11:23,275.2197,26.4,53.6,29.1
14/07/2023 11:28,254.8432,26.7,54,29.1
14/07/2023 11:33,228.7895,26.5,54.6,29.13333333
14/07/2023 11:38,212.6128,26.2,55,29.06666667
14/07/2023 11:43,203.0512,26.4,55.4,29
14/07/2023 11:48,175.1217,26.1,56,28.93333333
14/07/2023 11:53,162.7962,26,56.6,28.86666667
14/07/2023 11:58,141.2826,25.9,57.5,28.76666667
14/07/2023 12:03,119.4868,25.9,59.1,28.43333333
14/07/2023 12:08,74.2186,25.8,60.6,28.33333333
14/07/2023 12:13,59.1292,25.5,61.9,28.23333333
14/07/2023 12:18,45.0026,25.3,63.3,28.06666667
14/07/2023 12:23,30.3199,25,65.6,27.76666667
14/07/2023 12:28,28.9836,25,66.9,27.63333333
14/07/2023 12:33,22.8582,24.7,68.6,27.46666667
14/07/2023 12:38,17.4632,24.5,69.7,27.46666667
14/07/2023 12:43,12.4998,24.5,70.9,27.4
14/07/2023 12:48,8.2502,24.4,71.8,27.46666667
14/07/2023 12:53,4.8057,24.3,72.8,27.5
14/07/2023 12:58,2.9548,24.2,73.7,27.63333333
14/07/2023 13:03,1.6932,24.1,74.8,27.83333333
14/07/2023 13:08,0.7055,24,76.1,27.93333333
14/07/2023 13:13,0.2241,23.9,77.3,27.93333333
14/07/2023 13:18,0.0498,23.8,77.1,28.13333333
14/07/2023 13:23,0.0249,23.8,78.4,28.03333333
14/07/2023 13:28,0,23.7,79.1,28.06666667
14/07/2023 13:33,0,23.7,80.6,27.86666667
14/07/2023 13:38,0,23.6,80.4,27.73333333
14/07/2023 13:43,0,23.5,81.1,27.6
14/07/2023 13:48,0,23.5,81.3,27.36666667
14/07/2023 13:53,0,23.6,80.9,27.33333333
14/07/2023 13:58,0,23.4,81.2,27.5
14/07/2023 14:03,0,23.4,81.9,27.46666667
14/07/2023 14:08,0,23.3,82.1,27.43333333
14/07/2023 14:13,0,23.3,82.3,27.33333333
14/07/2023 14:18,0,23.2,82.4,27.3
14/07/2023 14:23,0,23.2,82.6,27.4
14/07/2023 14:28,0,23.2,83.4,27.6
14/07/2023 14:33,0,23.2,83.3,27.7
14/07/2023 14:38,0,23.2,84,27.9
14/07/2023 14:43,0,23.2,84.5,28.36666667
14/07/2023 14:48,0,23.1,84.4,28.46666667
14/07/2023 14:53,0,23.2,83.9,28.23333333
14/07/2023 14:58,0,23.2,84.1,28.23333333
14/07/2023 15:03,0,23.2,84.5,28.56666667
14/07/2023 15:08,0,23.2,84.8,28.9
14/07/2023 15:13,0,23.1,84.8,29.86666667
14/07/2023 15:18,0,23.1,85.3,29.96666667
14/07/2023 15:23,0,23,85.8,29.33333333
14/07/2023 15:28,0,22.9,86.5,29.3
14/07/2023 15:33,0,22.6,87,29
14/07/2023 15:38,0,22.7,87.3,28.4
14/07/2023 15:43,0,22.5,87,28.13333333
14/07/2023 15:48,0,22.8,86.9,28.4
14/07/2023 15:53,0,22.9,86.9,29.26666667
14/07/2023 15:58,0,23,86.8,29.63333333
14/07/2023 16:03,0,22.6,87.1,29.6
14/07/2023 16:08,0,22.6,87.5,29
14/07/2023 16:13,0,22.6,87.8,29.06666667
14/07/2023 16:18,0,22.7,87.8,29.46666667
14/07/2023 16:23,0,22.5,87.7,29.46666667
14/07/2023 16:28,0,22.7,88.3,29.5
14/07/2023 16:33,0,22.8,88.4,28.8
14/07/2023 16:38,0,22.3,88.9,28.5
14/07/2023 16:43,0,22.3,88.9,28.46666667
14/07/2023 16:48,0,22.2,89.7,28.1
14/07/2023 16:53,0,22.1,89.9,27.86666667
14/07/2023 16:58,0,22.2,89.5,28.33333333
14/07/2023 17:03,0,22.3,89.3,28.46666667
14/07/2023 17:08,0,22.3,89,28.3
14/07/2023 17:13,0,22.3,88.7,28.53333333
14/07/2023 17:18,0,22.5,88.6,28.26666667
14/07/2023 17:23,0,22.3,89,28.6
14/07/2023 17:28,0,22.3,88.8,29.1
14/07/2023 17:33,0,22.3,89,29.6
14/07/2023 17:38,0,22.3,89,29.3
14/07/2023 17:43,0,22.4,88.8,29.33333333
14/07/2023 17:48,0,22.4,88.5,28.86666667
14/07/2023 17:53,0,22.4,88.8,28.8
14/07/2023 17:58,0,22.2,89.1,28.9
14/07/2023 18:03,0,22.1,88.9,29.33333333
14/07/2023 18:08,0,21.9,89.3,29.5
14/07/2023 18:13,0,21.7,90,29.43333333
14/07/2023 18:18,0,21.9,88.5,29.5
14/07/2023 18:23,0,22,88.3,29.23333333
14/07/2023 18:28,0,21.9,88.6,28.93333333
14/07/2023 18:33,0,21.8,88.8,28.66666667
14/07/2023 18:38,0,21.8,89,28.36666667
14/07/2023 18:43,0,21.8,89.5,28.16666667
14/07/2023 18:48,0,21.8,89.3,27.96666667
14/07/2023 18:53,0,21.9,89.1,27.8
14/07/2023 18:58,0,21.8,89.8,27.76666667
14/07/2023 19:03,0,21.8,90,27.6
14/07/2023 19:08,0,21.9,89.4,27.43333333
14/07/2023 19:13,0,21.5,90,27.2
14/07/2023 19:18,0,21.6,89.6,26.9
14/07/2023 19:23,0,21.4,89.4,26.56666667
14/07/2023 19:28,0,21.4,89.4,26.3
14/07/2023 19:33,0,21.3,89.6,26.03333333
14/07/2023 19:38,0,21.4,89.8,25.86666667
14/07/2023 19:43,0,21.6,89.8,25.7
14/07/2023 19:48,0,21.4,89.9,25.53333333
14/07/2023 19:53,0,21.4,90.4,25.36666667
14/07/2023 19:58,0,21.2,89.9,25.23333333
14/07/2023 20:03,0,21.2,89.8,25.16666667
14/07/2023 20:08,0,21.2,89.5,25.03333333
14/07/2023 20:13,0,21.2,89.8,24.93333333
14/07/2023 20:18,0,21.2,89.6,24.86666667
14/07/2023 20:23,0,21.2,89.5,24.76666667
14/07/2023 20:28,0,21.2,90.3,24.7
14/07/2023 20:33,0,21.3,90.5,24.7
14/07/2023 20:38,0,21.2,90.4,24.63333333
14/07/2023 20:43,0,21.3,90.3,24.6
14/07/2023 20:48,0,21.3,91.1,24.53333333
14/07/2023 20:53,0,21.4,90.6,24.53333333
14/07/2023 20:58,0,21.5,90.6,24.46666667
14/07/2023 21:03,0,21.5,90.4,24.43333333
14/07/2023 21:08,0,21.5,90.4,24.36666667
14/07/2023 21:13,0,21.3,90.7,24.36666667
14/07/2023 21:18,0,21,90.4,24.3
14/07/2023 21:23,0,20.8,91.5,24.26666667
14/07/2023 21:28,0,20.7,91.5,24.23333333
14/07/2023 21:33,0,20.7,91.4,24.23333333
14/07/2023 21:38,0,20.9,91.1,24.16666667
14/07/2023 21:43,0,21.1,90.5,24.16666667
14/07/2023 21:48,0,21.1,90.7,24.13333333
14/07/2023 21:53,0,21.1,90.5,24.06666667
14/07/2023 21:58,0,20.8,90.2,24.06666667
14/07/2023 22:03,0,20.7,91,24.03333333
14/07/2023 22:08,0,20.6,91.1,24
14/07/2023 22:13,0,20.7,91,24
14/07/2023 22:18,0,20.7,91.4,23.93333333
14/07/2023 22:23,0,20.8,91,23.96666667
14/07/2023 22:28,0,21,90.4,23.96666667
14/07/2023 22:33,0,20.9,90.7,23.9
14/07/2023 22:38,0,21,91.9,23.86666667
14/07/2023 22:43,0.0249,21.1,91.2,23.9
14/07/2023 22:48,0.0996,21.1,91.2,23.83333333
14/07/2023 22:53,0.2739,21.1,91.5,23.8
14/07/2023 22:58,0.7304,21.3,91.1,23.83333333
14/07/2023 23:03,1.4857,21.3,90.8,23.8
14/07/2023 23:08,2.4485,21.3,91.1,23.8
14/07/2023 23:13,3.5939,21.2,91.8,23.73333333
14/07/2023 23:18,5.0298,21,91.5,23.73333333
14/07/2023 23:23,6.6566,21.2,91.2,23.83333333
14/07/2023 23:28,8.632,21.1,91.1,23.76666667
14/07/2023 23:33,10.8564,21.2,91.1,23.8
14/07/2023 23:38,13.2634,21.5,90.6,23.86666667
14/07/2023 23:43,15.9443,21.7,90.6,23.9
14/07/2023 23:48,18.675,21.8,90.8,23.93333333
14/07/2023 23:53,21.663,22,90.7,24
14/07/2023 23:58,24.3024,22.2,90.5,24.03333333
15/07/2023 00:03,25.8213,22,90.6,24.06666667
15/07/2023 00:08,27.8133,22.2,89.9,24.13333333
15/07/2023 00:13,31.54,22.1,88.5,24.16666667
15/07/2023 00:18,37.0097,21.9,88.1,24.16666667
15/07/2023 00:23,45.5919,21.9,86.6,24.3
15/07/2023 00:28,51.0782,22,86.2,24.26666667
15/07/2023 00:33,53.9666,22.2,86.3,24.3
15/07/2023 00:38,50.3478,22.3,85.9,24.36666667
15/07/2023 00:43,56.4483,22.6,85.6,24.43333333
15/07/2023 00:48,58.1166,22.6,84.6,24.5
15/07/2023 00:53,69.1805,22.7,84.1,24.6
15/07/2023 00:58,78.7006,23.3,81.6,24.73333333
15/07/2023 01:03,72.2183,23.2,82,24.8
15/07/2023 01:08,77.5884,23.4,78.3,24.9
15/07/2023 01:13,84.3197,23.2,78.5,24.96666667
15/07/2023 01:18,89.8143,23.1,78.1,25.06666667
15/07/2023 01:23,93.9892,23.2,77.2,25.06666667
15/07/2023 01:28,95.5828,23.5,78.7,25.1
15/07/2023 01:33,97.94,23.8,76.1,25.16666667
15/07/2023 01:38,99.2016,23.6,74.5,25.2
15/07/2023 01:43,99.7079,23.7,72.9,25.2
15/07/2023 01:48,97.3341,23.9,71.9,25.26666667
15/07/2023 01:53,101.4094,24.3,72.2,25.2
15/07/2023 01:58,111.5852,24.3,72.6,25.26666667
15/07/2023 02:03,122.4914,24.4,70.7,25.4
15/07/2023 02:08,121.6614,24.5,71.6,25.43333333
15/07/2023 02:13,119.2046,24.7,69.6,25.53333333
15/07/2023 02:18,120.2421,24.6,70.3,25.63333333
15/07/2023 02:23,120.0429,25,66.9,25.63333333
15/07/2023 02:28,115.2787,24.6,65.3,25.76666667
15/07/2023 02:33,115.785,25.2,65.9,25.86666667
15/07/2023 02:38,132.8498,24.6,64.6,25.96666667
15/07/2023 02:43,143.2248,25.3,61.2,26.23333333
15/07/2023 02:48,159.7086,25.4,60.7,26.53333333
15/07/2023 02:53,158.6462,25.9,57.7,26.8
15/07/2023 02:58,169.4777,26.1,57.8,26.76666667
15/07/2023 03:03,174.5905,26.5,55.4,26.9
15/07/2023 03:08,178.7488,26.2,56.3,26.9
15/07/2023 03:13,180.11,26.1,53.7,26.93333333
15/07/2023 03:18,175.1466,26.5,53.8,26.93333333
15/07/2023 03:23,173.8103,26.3,56.7,26.8
15/07/2023 03:28,172.2914,26.4,54.5,26.86666667
15/07/2023 03:33,165.9834,26.5,56.1,26.9
15/07/2023 03:38,153.5583,26.8,55.8,26.96666667
15/07/2023 03:43,166.4399,26.9,52.7,27.06666667
15/07/2023 03:48,172.7728,27.3,51.1,27.3
15/07/2023 03:53,154.6456,27.3,49.6,27.56666667
15/07/2023 03:58,162.1654,27.4,49,27.7
15/07/2023 04:03,191.0992,27.9,48.8,28.06666667
15/07/2023 04:08,203.101,27.9,46.1,28.4
15/07/2023 04:13,219.12,28,44.3,28.6
15/07/2023 04:18,235.2718,28.3,42.1,28.8
15/07/2023 04:23,251.1995,28.9,42.7,28.83333333
15/07/2023 04:28,259.5244,28.7,41.6,29
15/07/2023 04:33,266.7869,29.1,41.7,28.96666667
15/07/2023 04:38,263.5001,28.5,39.5,29.06666667
15/07/2023 04:43,261.8816,28.2,40,28.93333333
15/07/2023 04:48,261.699,28.3,40.2,28.83333333
15/07/2023 04:53,257.8561,28.5,42.2,28.5
15/07/2023 04:58,250.3114,28.9,41.8,28.6
15/07/2023 05:03,228.2085,28.4,40.5,28.53333333
15/07/2023 05:08,197.706,28.3,40.8,28.5
15/07/2023 05:13,171.6855,28.4,40.1,28.46666667
15/07/2023 05:18,156.9198,29.1,40.4,28.46666667
15/07/2023 05:23,143.507,28.9,39.8,28.5
15/07/2023 05:28,145.3579,29.2,40.2,28.6
15/07/2023 05:33,156.5463,29.7,38.2,28.9
15/07/2023 05:38,173.304,29,37.7,28.9
15/07/2023 05:43,221.5768,29.7,37,28.9
15/07/2023 05:48,237.2472,30.7,35.6,29.06666667
15/07/2023 05:53,208.8695,29.8,36.2,29
15/07/2023 05:58,248.917,30.1,36.1,29.13333333
15/07/2023 06:03,256.9929,30.9,36,29.33333333
15/07/2023 06:08,279.1954,30.6,35.9,29.8
15/07/2023 06:13,260.9188,30.8,34.7,30.06666667
15/07/2023 06:18,269.9326,31.1,33.2,30.2
15/07/2023 06:23,318.8611,31.1,32.9,30.46666667
15/07/2023 06:28,307.7225,31.2,32,30.5
15/07/2023 06:33,325.6505,31.5,32.4,30.56666667
15/07/2023 06:38,321.874,30.5,31.5,30.33333333
15/07/2023 06:43,344.201,31.4,31.6,30.3
15/07/2023 06:48,353.1401,31.4,34.3,30.13333333
15/07/2023 06:53,330.4562,31,33.5,30.1
15/07/2023 06:58,343.0639,31.3,33.7,30.2
15/07/2023 07:03,453.6448,31.7,35.4,30.03333333
15/07/2023 07:08,967.3069,32,34.4,30.13333333
15/07/2023 07:13,893.5116,31.7,34.7,30.23333333
15/07/2023 07:18,881.2608,32.1,34.8,30.3
15/07/2023 07:23,859.6642,33.2,34.3,30.43333333
15/07/2023 07:28,812.8107,32.4,34.6,30.7
15/07/2023 07:33,847.9197,33.2,34.1,31
15/07/2023 07:38,859.3903,33.4,32.9,31.4
15/07/2023 07:43,856.3276,34.1,32.6,31.7
15/07/2023 07:48,907.2896,33.4,33.6,32.2
15/07/2023 07:53,928.4463,34.6,32.8,32.5
15/07/2023 07:58,454.8566,34.3,32.6,32.9
15/07/2023 08:03,817.2927,33.1,32.3,32.9
15/07/2023 08:08,543.3595,33.4,32.9,32.6
15/07/2023 08:13,396.0511,33.7,32.6,32.63333333
15/07/2023 08:18,367.5157,33.6,32.8,32.53333333
15/07/2023 08:23,378.2559,33.8,32.9,32.43333333
15/07/2023 08:28,786.4333,33.6,33.2,32.53333333
15/07/2023 08:33,921.1589,33.6,32.4,32.5
15/07/2023 08:38,563.6613,34.1,33.4,32.56666667
15/07/2023 08:43,601.6089,34.4,33.2,32.8
15/07/2023 08:48,591.6821,33.9,32.5,32.9
15/07/2023 08:53,293.0149,33.6,33.7,32.83333333
15/07/2023 08:58,263.525,33.6,34.8,32.86666667
15/07/2023 09:03,228.084,32.2,35.9,32.83333333
15/07/2023 09:08,235.2967,32.9,36.5,32.9
15/07/2023 09:13,477.7646,33.3,37.9,32.96666667
15/07/2023 09:18,710.895,34.8,35.9,33.23333333
15/07/2023 09:23,733.471,35.6,35.8,33.83333333
15/07/2023 09:28,620.591,35,35.1,33.96666667
15/07/2023 09:33,596.3633,35.7,34.8,34.5
15/07/2023 09:38,706.4877,34.9,34,34.93333333
15/07/2023 09:43,692.2864,33.9,32.9,35.73333333
15/07/2023 09:48,685.6049,35.5,33.3,36.8
15/07/2023 09:53,580.087,36.5,34.2,36.63333333
15/07/2023 09:58,649.9564,37,33.9,36.26666667
15/07/2023 10:03,315.0929,34.3,33.5,36.03333333
15/07/2023 10:08,181.7866,33.2,33.7,35.56666667
15/07/2023 10:13,171.1792,33.2,35.7,35.06666667
15/07/2023 10:18,166.5146,32.8,36,34.66666667
15/07/2023 10:23,197.3491,33.4,37.6,34.56666667
15/07/2023 10:28,166.415,32.5,38,34.63333333
15/07/2023 10:33,124.2178,32.2,38.8,34.4
15/07/2023 10:38,87.5069,32,39.6,34.43333333
15/07/2023 10:43,65.736,32,40.6,34.6
15/07/2023 10:48,57.0044,31.7,41.5,35.63333333
15/07/2023 10:53,49.2356,31.5,42.8,35.7
15/07/2023 10:58,44.7038,31.4,44.4,36.2
15/07/2023 11:03,42.6786,31.3,45.3,37.4
15/07/2023 11:08,39.0598,31.2,46.1,37.16666667
15/07/2023 11:13,33.8889,31.2,48.1,36.5
15/07/2023 11:18,33.5154,31,49.6,36.6
15/07/2023 11:23,37.6156,30.8,51.9,36.56666667
15/07/2023 11:28,38.4788,30.7,52.8,36.76666667
15/07/2023 11:33,38.346,30.6,54.2,36.43333333
15/07/2023 11:38,40.504,30.4,55.2,35.73333333
15/07/2023 11:43,136.95,30.7,55.7,35.26666667
15/07/2023 11:48,50.7296,30.6,56.7,35.2
15/07/2023 11:53,46.7788,30.3,57.3,35.1
15/07/2023 11:58,52.2236,30.6,56.5,35.43333333
15/07/2023 12:03,38.4788,30.2,57.4,35.2
15/07/2023 12:08,30.5523,30.3,58.6,35.03333333
15/07/2023 12:13,25.896,30.2,58.3,35.03333333
15/07/2023 12:18,23.2566,30,58.7,35.9
15/07/2023 12:23,18.9572,30,59,36.36666667
15/07/2023 12:28,17.1312,30,58.5,36.36666667
15/07/2023 12:33,14.7325,30.1,59.6,36.13333333
15/07/2023 12:38,12.9314,30.1,60.8,35.03333333
15/07/2023 12:43,8.4245,30.1,61.5,35.56666667
15/07/2023 12:48,5.3867,29.4,63.1,35.7
15/07/2023 12:53,2.8801,29.5,64.3,34.8
15/07/2023 12:58,1.5687,29.3,64.6,35.2
15/07/2023 13:03,0.7553,29.1,66.3,36.33333333
15/07/2023 13:08,0.3486,29.1,67.3,36.6
15/07/2023 13:13,0.0996,29.1,69.3,36.43333333
15/07/2023 13:18,0.0249,28.7,70.9,36.13333333
15/07/2023 13:23,0,28.4,71.7,36.86666667
15/07/2023 13:28,0,28.4,71.6,36.86666667
15/07/2023 13:33,0,28.4,71.8,36.3
15/07/2023 13:38,0,28.4,72.1,35.36666667
15/07/2023 13:43,0,27.9,72.3,35.13333333
15/07/2023 13:48,0,27.9,72.3,35.33333333
15/07/2023 13:53,0,28,73,35.06666667
15/07/2023 13:58,0,28.2,73.1,34.96666667
15/07/2023 14:03,0,28.2,73.5,34.83333333
15/07/2023 14:08,0,28.1,73.7,35
15/07/2023 14:13,0,27.9,74.4,35.1
15/07/2023 14:18,0,28,74.6,35.36666667
15/07/2023 14:23,0,27.9,74.9,35.5
15/07/2023 14:28,0,28,74.8,35.4
15/07/2023 14:33,0,28,75.3,35.56666667
15/07/2023 14:38,0,28,74.8,35.4
15/07/2023 14:43,0,27.9,75.1,35.13333333
15/07/2023 14:48,0,27.9,75.5,35.63333333
15/07/2023 14:53,0,27.5,76.5,35.86666667
15/07/2023 14:58,0,27.4,77.3,35.7
15/07/2023 15:03,0,27.5,77.7,35.3
15/07/2023 15:08,0,27.3,77.7,35.16666667
15/07/2023 15:13,0,27.1,78.5,34.63333333
15/07/2023 15:18,0,26.8,78.4,34.26666667
15/07/2023 15:23,0,26.5,79.4,34.06666667
15/07/2023 15:28,0,26.5,79.4,34.36666667
15/07/2023 15:33,0,26.4,79.7,34.96666667
15/07/2023 15:38,0,26.7,79.6,34.86666667
15/07/2023 15:43,0,26.9,78.7,34.9
15/07/2023 15:48,0,27,78.9,34.53333333
15/07/2023 15:53,0,27,79.2,34.16666667
15/07/2023 15:58,0,27,80.4,33.76666667
15/07/2023 16:03,0,26.9,80.6,33.03333333
15/07/2023 16:08,0,26.8,81.1,32.83333333
15/07/2023 16:13,0,26.7,81.2,33.53333333
15/07/2023 16:18,0,26.6,81.8,34.53333333
15/07/2023 16:23,0,26.5,82.7,35.16666667
15/07/2023 16:28,0,26.2,83.1,35.03333333
15/07/2023 16:33,0,26.3,84.1,34.9
15/07/2023 16:38,0,26.2,84.4,35.06666667
15/07/2023 16:43,0,26,84.5,35.03333333
15/07/2023 16:48,0,26,84.7,35.63333333
15/07/2023 16:53,0,26.1,84.6,35.76666667
15/07/2023 16:58,0,26.1,85.5,35.33333333
15/07/2023 17:03,0,26,85.5,34.53333333
15/07/2023 17:08,0,26,86.1,33.3
15/07/2023 17:13,0,26,85.2,32.6
15/07/2023 17:18,0,25.8,85.9,32.16666667
15/07/2023 17:23,0,25.9,85.9,32.16666667
15/07/2023 17:28,0,25.6,86.5,31.96666667
15/07/2023 17:33,0,25.7,85.8,31.63333333
15/07/2023 17:38,0,25.7,86.2,31.4
15/07/2023 17:43,0,25.2,86.8,31.2
15/07/2023 17:48,0,25.4,86.5,30.9
15/07/2023 17:53,0,25.2,86.4,30.66666667
15/07/2023 17:58,0,24.9,86.4,30.46666667
15/07/2023 18:03,0,25.1,86.2,30.3
15/07/2023 18:08,0,25.2,86.8,30.26666667
15/07/2023 18:13,0,25.4,86.4,30.1
15/07/2023 18:18,0,25.3,86.5,29.96666667
15/07/2023 18:23,0,25,87,29.86666667
15/07/2023 18:28,0,24.8,87,29.83333333
15/07/2023 18:33,0,25,86.8,29.8
15/07/2023 18:38,0,25,87.1,29.73333333
15/07/2023 18:43,0,24.9,87.2,29.76666667
15/07/2023 18:48,0,25,87.1,29.76666667
15/07/2023 18:53,0,24.7,87.4,29.66666667
15/07/2023 18:58,0,24.7,87.5,29.8
15/07/2023 19:03,0,24.7,88.3,29.56666667
15/07/2023 19:08,0,24.7,87.7,29.46666667
15/07/2023 19:13,0,24.6,87.4,29.33333333
15/07/2023 19:18,0,24.5,87.7,29.1
15/07/2023 19:23,0,24.6,88.2,28.93333333
15/07/2023 19:28,0,24.5,88.3,28.76666667
15/07/2023 19:33,0,24.2,88.4,28.66666667
15/07/2023 19:38,0,24.3,89.1,28.6
15/07/2023 19:43,0,24.3,88.9,28.5
15/07/2023 19:48,0,24.4,89.3,28.4
15/07/2023 19:53,0,24.6,89.1,28.26666667
15/07/2023 19:58,0,24.7,89,28.16666667
15/07/2023 20:03,0,24.7,89.1,28.03333333
15/07/2023 20:08,0,24.7,88.5,27.93333333
15/07/2023 20:13,0,24.5,88.8,27.8
15/07/2023 20:18,0,24.5,88.1,27.76666667
15/07/2023 20:23,0,24.5,88.5,27.66666667
15/07/2023 20:28,0,24.5,89.2,27.6
15/07/2023 20:33,0,24.4,88.8,27.53333333
15/07/2023 20:38,0,24.5,88.7,27.5
15/07/2023 20:43,0,24.6,88.8,27.46666667
15/07/2023 20:48,0,24.6,88.7,27.46666667
15/07/2023 20:53,0,24.6,88.8,27.43333333
15/07/2023 20:58,0,24.6,89.2,27.36666667
15/07/2023 21:03,0,24.4,89.2,27.3
15/07/2023 21:08,0,24.3,89.6,27.23333333
15/07/2023 21:13,0,24.3,89.6,27.16666667
15/07/2023 21:18,0,24.4,89.6,27.16666667
15/07/2023 21:23,0,24.3,90.1,27.06666667
15/07/2023 21:28,0,24.3,89.3,27
15/07/2023 21:33,0,24,89.4,26.96666667
15/07/2023 21:38,0,23.8,89.6,26.93333333
15/07/2023 21:43,0,24,89.9,26.83333333
15/07/2023 21:48,0,23.9,90.5,26.8
15/07/2023 21:53,0,23.9,90.5,26.7
15/07/2023 21:58,0,23.6,90.4,26.66666667
15/07/2023 22:03,0,23.7,90.6,26.63333333
15/07/2023 22:08,0,23.8,90.1,26.53333333
15/07/2023 22:13,0,23.9,89.8,26.53333333
15/07/2023 22:18,0,23.5,90.1,26.53333333
15/07/2023 22:23,0,23.4,90.1,26.5
15/07/2023 22:28,0,23.6,90.1,26.5
15/07/2023 22:33,0,23.3,90.7,26.46666667
15/07/2023 22:38,0,23.6,90.5,26.4
15/07/2023 22:43,0.0249,23.6,90.3,26.36666667
15/07/2023 22:48,0.0996,23.7,90.1,26.26666667
15/07/2023 22:53,0.3237,23.8,90,26.23333333
15/07/2023 22:58,0.8549,23.8,90.2,26.16666667
15/07/2023 23:03,1.7181,23.7,90.4,26.13333333
15/07/2023 23:08,3.1623,23.7,90,26.1
15/07/2023 23:13,5.1128,23.6,90,26
15/07/2023 23:18,7.4119,23.5,90.2,26
15/07/2023 23:23,9.8189,23.2,90.6,25.93333333
15/07/2023 23:28,12.782,23,91.1,25.9
15/07/2023 23:33,15.8447,23.3,90.9,25.86666667
15/07/2023 23:38,19.007,23.4,90.7,25.86666667
15/07/2023 23:43,22.4515,23.5,90.8,25.83333333
15/07/2023 23:48,25.6387,23.6,90.8,25.83333333
15/07/2023 23:53,28.801,23.5,90.9,25.86666667
15/07/2023 23:58,31.4404,23.7,90.4,25.93333333
16/07/2023 00:03,33.9968,24,90,26.03333333
16/07/2023 00:08,36.5034,23.9,88.9,26.06666667
16/07/2023 00:13,38.6033,24.1,88.7,26.13333333
16/07/2023 00:18,41.0352,24.3,87.7,26.3
16/07/2023 00:23,42.9027,24.6,86.5,26.36666667
16/07/2023 00:28,44.9279,24.7,85.5,26.4
16/07/2023 00:33,46.6543,24.9,85.3,26.43333333
16/07/2023 00:38,48.804,25.2,84.9,26.6
16/07/2023 00:43,51.4849,25.3,82.8,26.73333333
16/07/2023 00:48,53.4354,25.4,81.4,26.83333333
16/07/2023 00:53,55.5104,25.4,79.4,26.9
16/07/2023 00:58,56.9048,25.9,77.6,27.06666667
16/07/2023 01:03,57.9921,26.1,75.8,27.23333333
16/07/2023 01:08,58.8802,26.2,71.9,27.46666667
16/07/2023 01:13,60.1418,26.6,70.1,27.7
16/07/2023 01:18,61.2042,26.6,69.4,27.76666667
16/07/2023 01:23,62.3247,26.9,69.6,27.93333333
16/07/2023 01:28,63.4618,27.1,68.3,28.06666667
16/07/2023 01:33,65.0554,27.2,67,28.13333333
16/07/2023 01:38,65.6115,27.4,64.9,28.33333333
16/07/2023 01:43,66.3751,27.6,63,28.43333333
16/07/2023 01:48,67.3628,27.8,62.1,28.5
16/07/2023 01:53,68.0434,28.1,60.1,28.63333333
16/07/2023 01:58,69.5125,28.1,59.2,28.76666667
16/07/2023 02:03,70.4753,27.8,56.7,28.9
16/07/2023 02:08,71.2057,28.1,54.3,28.93333333
16/07/2023 02:13,71.8365,28.4,56.2,28.96666667
16/07/2023 02:18,72.3677,28.4,53.4,29.03333333
16/07/2023 02:23,72.1436,28.8,52.2,29.26666667
16/07/2023 02:28,71.8946,29.1,52.4,29.43333333
16/07/2023 02:33,72.7246,29.2,48,29.7
16/07/2023 02:38,73.4384,29.5,47.6,29.93333333
16/07/2023 02:43,74.2684,29.4,47.4,30.06666667
16/07/2023 02:48,75.945,29.3,45.4,30.3
16/07/2023 02:53,78.5263,29.3,43.6,30.5
16/07/2023 02:58,82.0953,29.6,41.7,30.56666667
16/07/2023 03:03,85.0252,29.7,41.3,30.76666667
16/07/2023 03:08,87.5899,30,41.4,30.9
16/07/2023 03:13,89.4823,30.3,40.6,30.93333333
16/07/2023 03:18,92.545,30.3,40.8,30.93333333
16/07/2023 03:23,93.5576,30.3,39.7,31.1
16/07/2023 03:28,96.0144,30.4,39.6,31.06666667
16/07/2023 03:33,99.3095,30.7,37.7,31.2
16/07/2023 03:38,103.6089,30.8,37.2,31.1
16/07/2023 03:43,105.1776,30.6,37.7,31.03333333
16/07/2023 03:48,103.6836,30.3,38,30.83333333
16/07/2023 03:53,107.0783,30.9,39.4,30.7
16/07/2023 03:58,108.979,30.5,38.9,30.9
16/07/2023 04:03,110.2406,30.7,38.3,30.96666667
16/07/2023 04:08,107.5846,30.9,38.3,31
16/07/2023 04:13,108.398,31.5,37.4,31.3
16/07/2023 04:18,111.8591,31.2,36,31.43333333
16/07/2023 04:23,113.2037,31.8,35.7,31.76666667
16/07/2023 04:28,111.2532,32.1,34.5,31.73333333
16/07/2023 04:33,111.8591,31.7,32.8,31.83333333
16/07/2023 04:38,116.2664,31.6,33.4,31.7
16/07/2023 04:43,119.1797,32,33,31.7
16/07/2023 04:48,121.3045,32.4,33.5,31.9
16/07/2023 04:53,119.3789,32.6,32.6,32.03333333
16/07/2023 04:58,121.9602,32.9,32.2,31.86666667
16/07/2023 05:03,126.4173,32.9,33,31.9
16/07/2023 05:08,127.3552,32.9,32.5,31.7
16/07/2023 05:13,130.7499,32.4,33,31.7
16/07/2023 05:18,136.037,32.6,33.4,31.6
16/07/2023 05:23,148.3708,32.7,34.3,31.6
16/07/2023 05:28,153.0022,32.8,34.7,31.36666667
16/07/2023 05:33,153.301,33.3,36.3,31.33333333
16/07/2023 05:38,155.6084,33,36.1,31.4
16/07/2023 05:43,161.5595,33.3,36.1,31.46666667
16/07/2023 05:48,163.759,33.5,34.8,31.43333333
16/07/2023 05:53,163.9831,33.7,35.2,31.23333333
16/07/2023 05:58,166.7968,32.7,34.2,31.33333333
16/07/2023 06:03,171.3535,33.4,36.1,31.13333333
16/07/2023 06:08,176.4912,33.8,36,31.23333333
16/07/2023 06:13,177.5287,33.9,35.4,31.2
16/07/2023 06:18,179.4543,33.4,35.5,31.4
16/07/2023 06:23,184.5671,33.5,36.2,31.3
16/07/2023 06:28,183.098,33.4,36.3,31.46666667
16/07/2023 06:33,185.9864,34.1,37.3,31.26666667
16/07/2023 06:38,190.1115,33.6,36.2,31.56666667
16/07/2023 06:43,193.4564,34,35.6,31.83333333
16/07/2023 06:48,197.7807,34,35.8,31.8
16/07/2023 06:53,204.9934,34.1,34.9,32.03333333
16/07/2023 06:58,436.9037,34.2,34.5,32.26666667
16/07/2023 07:03,740.0529,34.6,34.9,32.4
16/07/2023 07:08,774.5311,34.7,35.8,32.43333333
16/07/2023 07:13,791.4963,34.3,35.1,32.56666667
16/07/2023 07:18,767.8496,34.9,36,32.6
16/07/2023 07:23,765.9489,35.1,35.3,33.23333333
16/07/2023 07:28,770.7629,34.7,35.3,33.46666667
16/07/2023 07:33,737.2226,35.5,36.2,33.96666667
16/07/2023 07:38,700.5615,36.2,35.3,34.53333333
16/07/2023 07:43,691.6805,35.9,34.6,34.73333333
16/07/2023 07:48,760.2551,35.9,34,34.96666667
16/07/2023 07:53,737.9032,36.1,34.5,35.3
16/07/2023 07:58,753.2914,37.2,32.9,35.66666667
16/07/2023 08:03,738.0526,37.1,32,36.13333333
16/07/2023 08:08,720.1329,37.1,31.6,36.33333333
16/07/2023 08:13,717.0702,37.6,32.7,36.8
16/07/2023 08:18,732.0268,36.7,30.4,37.16666667
16/07/2023 08:23,733.9275,36.8,29.9,37.33333333
16/07/2023 08:28,689.2984,37.2,30.8,37.36666667
16/07/2023 08:33,707.3509,37,30.2,37.6
16/07/2023 08:38,734.3591,36.6,29.6,38.03333333
16/07/2023 08:43,743.3978,37.3,30.6,38.2
16/07/2023 08:48,738.5838,36.6,28.7,38.53333333
16/07/2023 08:53,705.4253,37.4,29.3,38.56666667
16/07/2023 08:58,677.3215,37,29.2,38.56666667
16/07/2023 09:03,672.5407,37.7,30.2,38.7
16/07/2023 09:08,654.2641,39,28.9,39.4
16/07/2023 09:13,630.468,39.1,29.2,39.9
16/07/2023 09:18,615.8849,39.9,28.8,40.2
16/07/2023 09:23,622.085,38.9,28,40.63333333
16/07/2023 09:28,623.8612,38.3,28.7,40.66666667
16/07/2023 09:33,602.2397,37.4,27.5,40.6
16/07/2023 09:38,577.2567,39.2,27.7,40.46666667
16/07/2023 09:43,591.6572,38.7,27.7,40.46666667
16/07/2023 09:48,584.3698,40.4,28.5,40.5
16/07/2023 09:53,575.5303,37.5,29.1,40.63333333
16/07/2023 09:58,544.8286,37.9,27.6,40.66666667
16/07/2023 10:03,506.549,38.4,29.5,40.73333333
16/07/2023 10:08,508.6987,38.4,29.1,41.13333333
16/07/2023 10:13,501.2868,38.7,28.3,41.23333333
16/07/2023 10:18,477.7646,38.9,28.3,41.3
16/07/2023 10:23,451.5366,39.1,28.3,41.43333333
16/07/2023 10:28,457.5624,37.7,27.7,41.56666667
16/07/2023 10:33,441.311,36.9,27.4,41.33333333
16/07/2023 10:38,425.0098,37.2,28.5,40.76666667
16/07/2023 10:43,412.2278,37.2,28.3,41.13333333
16/07/2023 10:48,393.42,37.2,29.2,41.16666667
16/07/2023 10:53,378.1231,38.1,29.1,41.56666667
16/07/2023 10:58,368.2793,37.1,29.1,41.8
16/07/2023 11:03,355.5222,36.8,29.9,42.06666667
16/07/2023 11:08,343.9769,36.5,29.8,42.2
16/07/2023 11:13,334.739,36.3,30.5,42.56666667
16/07/2023 11:18,309.5734,36.2,31.1,42.46666667
16/07/2023 11:23,283.9762,36.6,31.9,42.76666667
16/07/2023 11:28,282.1585,36.1,31.9,42.36666667
16/07/2023 11:33,251.2244,36.5,32.5,42.4
16/07/2023 11:38,237.6788,37.1,33.6,42.43333333
16/07/2023 11:43,222.9961,37.3,33.6,42.56666667
16/07/2023 11:48,197.1499,37.1,34.1,42.9
16/07/2023 11:53,171.5776,37.3,33.8,42.66666667
16/07/2023 11:58,153.3508,38.1,34.8,42.23333333
16/07/2023 12:03,131.0985,38,35.7,42.13333333
16/07/2023 12:08,75.281,38.1,36.9,41.96666667
16/07/2023 12:13,53.6927,36.3,37.7,41.73333333
16/07/2023 12:18,44.7536,35,38.9,41.56666667
16/07/2023 12:23,38.0472,35.2,40,41.23333333
16/07/2023 12:28,30.8013,35.4,41.4,40.36666667
16/07/2023 12:33,23.9206,35,43.9,39.86666667
16/07/2023 12:38,17.6126,34.5,46.4,39.66666667
16/07/2023 12:43,12.0184,34,48.3,39.46666667
16/07/2023 12:48,7.968,33.9,50.2,38.86666667
16/07/2023 12:53,4.731,33,52.2,38.56666667
16/07/2023 12:58,2.656,33,54,38.36666667
16/07/2023 13:03,1.3612,32.8,55.5,38.2
16/07/2023 13:08,0.6059,32.8,57.1,38.36666667
16/07/2023 13:13,0.2241,32.7,57.2,38.06666667
16/07/2023 13:18,0.0747,32.5,58.8,37.93333333
16/07/2023 13:23,0.0249,31.6,59.2,38.03333333
16/07/2023 13:28,0,31.1,59.2,37.9
16/07/2023 13:33,0,31.2,61.1,37.96666667
16/07/2023 13:38,0,31.4,62.7,37.93333333
16/07/2023 13:43,0,31.4,63.9,37.96666667
16/07/2023 13:48,0,30.9,64.6,37.86666667
16/07/2023 13:53,0,31,66.7,37.9
16/07/2023 13:58,0,31,66.9,37.83333333
16/07/2023 14:03,0,30.6,67,37.56666667
16/07/2023 14:08,0,30.8,68.1,37.63333333
16/07/2023 14:13,0,30.8,68.9,37.5
16/07/2023 14:18,0,30.5,68.9,37.26666667
16/07/2023 14:23,0,30.4,69.7,37.33333333
16/07/2023 14:28,0,29.8,71.2,37.26666667
16/07/2023 14:33,0,29.6,71.9,37.33333333
16/07/2023 14:38,0,29.8,72.7,37.3
16/07/2023 14:43,0,29.6,72.6,37.26666667
16/07/2023 14:48,0,29.4,73.3,37.2
16/07/2023 14:53,0,29.5,73,37.23333333
16/07/2023 14:58,0,29.4,74.2,37.4
16/07/2023 15:03,0,28.8,74.5,37.46666667
16/07/2023 15:08,0,28.9,74,37.43333333
16/07/2023 15:13,0,29.1,74.2,37.56666667
16/07/2023 15:18,0,28.5,74.6,37.43333333
16/07/2023 15:23,0,28.7,74.7,37.4
16/07/2023 15:28,0,29,74.2,37.23333333
16/07/2023 15:33,0,28.7,74.8,37.3
16/07/2023 15:38,0,28.6,74.8,37.2
16/07/2023 15:43,0,28.7,75.3,37.16666667
16/07/2023 15:48,0,28.8,76,36.9
16/07/2023 15:53,0,28.9,76.2,36.86666667
16/07/2023 15:58,0,28.6,76.9,36.96666667
16/07/2023 16:03,0,28.6,78.8,37.23333333
16/07/2023 16:08,0,28.7,77.7,37.76666667
16/07/2023 16:13,0,28.6,77.6,37.8
16/07/2023 16:18,0,28.5,77,37.73333333
16/07/2023 16:23,0,28.1,76.6,37.73333333
16/07/2023 16:28,0,28.3,76.4,37.83333333
16/07/2023 16:33,0,28.6,77.1,37.56666667
16/07/2023 16:38,0,28.5,77.7,37.4
16/07/2023 16:43,0,28,77.9,37.33333333
16/07/2023 16:48,0,28.2,78.7,37.66666667
16/07/2023 16:53,0,28.2,78.5,37.46666667
16/07/2023 16:58,0,28.3,79.2,37.36666667
16/07/2023 17:03,0,28.2,80.4,37.13333333
16/07/2023 17:08,0,28,80.6,37.1
16/07/2023 17:13,0,28.1,79.9,37.4
16/07/2023 17:18,0,28,80.1,37.5
16/07/2023 17:23,0,27.7,80.5,37.03333333
16/07/2023 17:28,0,27,80.7,36.53333333
16/07/2023 17:33,0,27.3,80.7,36.26666667
16/07/2023 17:38,0,27.3,80.2,36.1
16/07/2023 17:43,0,27.1,80.4,35.93333333
16/07/2023 17:48,0,27.3,80.1,35.6
16/07/2023 17:53,0,27.5,80,35.36666667
16/07/2023 17:58,0,27.4,80.3,35.46666667
16/07/2023 18:03,0,27.4,80.7,35.5
16/07/2023 18:08,0,27.6,79.3,35.4
16/07/2023 18:13,0,27.4,80.5,35.2
16/07/2023 18:18,0,27.2,81.7,35
16/07/2023 18:23,0,27.2,81.8,34.66666667
16/07/2023 18:28,0,27.3,82.2,34.63333333
16/07/2023 18:33,0,27.4,82.9,34.43333333
16/07/2023 18:38,0,27.2,83.2,33.96666667
16/07/2023 18:43,0,27.2,83.3,33.56666667
16/07/2023 18:48,0,27.2,83.2,33.43333333
16/07/2023 18:53,0,27,83.8,33.4
16/07/2023 18:58,0,27.1,83.4,33.46666667
16/07/2023 19:03,0,26.9,83.4,33.4
16/07/2023 19:08,0,27.1,83.6,33.23333333
16/07/2023 19:13,0,27.1,84.2,33
16/07/2023 19:18,0,26.9,84.4,32.53333333
16/07/2023 19:23,0,26.8,84.5,32.1
16/07/2023 19:28,0,26.7,84.1,31.8
16/07/2023 19:33,0,26.5,83.8,31.53333333
16/07/2023 19:38,0,26.6,84.1,31.26666667
16/07/2023 19:43,0,26.8,84.3,31.06666667
16/07/2023 19:48,0,27,84.4,30.8
16/07/2023 19:53,0,26.7,84.9,30.6
16/07/2023 19:58,0,26.8,84.8,30.4
16/07/2023 20:03,0,26.9,84.7,30.2
16/07/2023 20:08,0,26.7,84.4,30.06666667
16/07/2023 20:13,0,26.6,84,29.93333333
16/07/2023 20:18,0,26.7,83.9,29.83333333
16/07/2023 20:23,0,26.7,84,29.73333333
16/07/2023 20:28,0,26.5,84.9,29.66666667
16/07/2023 20:33,0,26.4,85.7,29.53333333
16/07/2023 20:38,0,26,86.2,29.43333333
16/07/2023 20:43,0,26,86.2,29.3
16/07/2023 20:48,0,26,84.7,29.23333333
16/07/2023 20:53,0,25.8,84.6,29.13333333
16/07/2023 20:58,0,25.7,84.6,29.06666667
16/07/2023 21:03,0,25.9,84.1,28.96666667
16/07/2023 21:08,0,25.8,84,28.9
16/07/2023 21:13,0,26,84.5,28.83333333
16/07/2023 21:18,0,26.1,85,28.76666667
16/07/2023 21:23,0,26,84.4,28.66666667
16/07/2023 21:28,0,25.7,84.4,28.63333333
16/07/2023 21:33,0,25.8,84.8,28.56666667
16/07/2023 21:38,0,25.7,85.5,28.4
16/07/2023 21:43,0,25.7,85.4,28.4
16/07/2023 21:48,0,25.9,85.9,28.3
16/07/2023 21:53,0,25.9,85.9,28.23333333
16/07/2023 21:58,0,26,85.5,28.16666667
16/07/2023 22:03,0,25.8,86.1,28.13333333
16/07/2023 22:08,0,25.9,86.3,28.06666667
16/07/2023 22:13,0,25.6,86.8,28.03333333
16/07/2023 22:18,0,25.8,87,27.96666667
16/07/2023 22:23,0,25.2,87.3,27.93333333
16/07/2023 22:28,0,25.4,87.2,27.9
16/07/2023 22:33,0,25.6,86.9,27.83333333
16/07/2023 22:38,0,25.4,87.1,27.73333333
16/07/2023 22:43,0.0249,25.5,87.4,27.7
16/07/2023 22:48,0.0747,25.2,88,27.63333333
16/07/2023 22:53,0.2739,24.9,88.1,27.56666667
16/07/2023 22:58,0.7802,25,87.8,27.53333333
16/07/2023 23:03,1.7181,25,87.9,27.5
16/07/2023 23:08,3.0046,25,88,27.46666667
16/07/2023 23:13,4.8804,25.2,87.6,27.5
16/07/2023 23:18,7.2625,25.2,87.2,27.5
16/07/2023 23:23,9.9932,25.5,87,27.6
16/07/2023 23:28,12.9812,25.7,86.9,27.56666667
16/07/2023 23:33,15.77,25.7,87,27.46666667
16/07/2023 23:38,18.9323,25.4,86.3,27.53333333
16/07/2023 23:43,22.3021,25.2,86.1,27.5
16/07/2023 23:48,25.5391,25.4,85.5,27.56666667
16/07/2023 23:53,28.4275,25.5,84.4,27.56666667
16/07/2023 23:58,31.0088,25.9,83.2,27.66666667
17/07/2023 00:03,33.4905,26,82.2,27.76666667
17/07/2023 00:08,35.9473,26.1,81.2,27.83333333
17/07/2023 00:13,38.097,26.2,80,27.96666667
17/07/2023 00:18,40.2467,26.5,78.7,27.93333333
17/07/2023 00:23,42.0727,26.6,76.7,27.96666667
17/07/2023 00:28,43.8157,27.2,75,28.26666667
17/07/2023 00:33,45.4591,27.3,73.9,28.4
17/07/2023 00:38,47.0029,27.2,73.2,28.4
17/07/2023 00:43,48.6297,27.4,71.3,28.53333333
17/07/2023 00:48,50.298,27.7,69.5,28.8
17/07/2023 00:53,51.8169,27.9,67.1,29
17/07/2023 00:58,52.954,28.2,66,29.13333333
17/07/2023 01:03,54.1409,28.4,64.1,29.3
17/07/2023 01:08,54.9045,28.4,62.6,29.46666667
17/07/2023 01:13,55.8424,28.6,61.3,29.63333333
17/07/2023 01:18,56.7803,28.9,60.1,29.73333333
17/07/2023 01:23,57.6352,29.1,58.3,29.8
17/07/2023 01:28,58.9051,29.3,56.9,29.93333333
17/07/2023 01:33,59.6853,29.5,56.1,29.96666667
17/07/2023 01:38,60.1169,29.8,55.2,30.13333333
17/07/2023 01:43,60.6979,29.8,55,30.26666667
17/07/2023 01:48,60.9801,30.1,53.5,30.4
17/07/2023 01:53,61.2291,30.1,51.6,30.46666667
17/07/2023 01:58,62.1919,30.4,50.7,30.63333333
17/07/2023 02:03,62.9306,30.3,49.4,30.7
17/07/2023 02:08,63.6112,30.5,47.9,30.86666667
17/07/2023 02:13,64.325,30.8,47.5,30.93333333
17/07/2023 02:18,65.0554,30.9,46.5,30.96666667
17/07/2023 02:23,65.8937,30.8,44.9,31.13333333
17/07/2023 02:28,66.4498,30.8,43.1,31.36666667
17/07/2023 02:33,67.4873,31.1,42.1,31.56666667
17/07/2023 02:38,68.1181,31.3,39.5,31.83333333
17/07/2023 02:43,68.6244,31,39.7,31.9
17/07/2023 02:48,69.3631,31.2,39.1,31.96666667
17/07/2023 02:53,70.0437,31.5,37.6,32.16666667
17/07/2023 02:58,70.7492,31.4,36.4,32.16666667
17/07/2023 03:03,71.6373,31.5,36.9,32.36666667
17/07/2023 03:08,72.293,31.7,36.2,32.3
17/07/2023 03:13,72.874,31.8,35,32.56666667
17/07/2023 03:18,73.8866,32.1,34.1,32.63333333
17/07/2023 03:23,74.7996,32.2,33.1,32.76666667
17/07/2023 03:28,75.5881,32.4,32.4,32.9
17/07/2023 03:33,76.3932,32.2,32.2,33.03333333
17/07/2023 03:38,76.9825,32.4,31.7,33.13333333
17/07/2023 03:43,77.7876,32.6,31.6,33.06666667
17/07/2023 03:48,79.1073,32.8,29.9,33.16666667
17/07/2023 03:53,80.1946,32.7,30.1,33.3
17/07/2023 03:58,81.8131,32.9,29.7,33.46666667
17/07/2023 04:03,82.9253,32.8,29.5,33.5
17/07/2023 04:08,84.1703,33,29.2,33.5
17/07/2023 04:13,84.7015,32.5,27.7,33.6
17/07/2023 04:18,85.0252,33.2,28.3,33.56666667
17/07/2023 04:23,86.2702,33.2,28.3,33.46666667
17/07/2023 04:28,86.9757,33.6,26.9,33.6
17/07/2023 04:33,87.8389,33.4,27.1,33.6
17/07/2023 04:38,89.0756,33.3,26.4,33.73333333
17/07/2023 04:43,90.4202,33.4,26,33.7
17/07/2023 04:48,90.3455,33.8,26.2,33.63333333
17/07/2023 04:53,91.2087,33.8,25.1,33.56666667
17/07/2023 04:58,92.9019,34.2,25.6,33.46666667
17/07/2023 05:03,93.209,34,25.9,33.6
17/07/2023 05:08,92.5948,34.4,25.5,33.66666667
17/07/2023 05:13,92.7525,34.5,25.3,33.8
17/07/2023 05:18,94.2216,34.6,25.4,33.76666667
17/07/2023 05:23,96.3464,34.4,25.4,33.63333333
17/07/2023 05:28,99.0522,34.8,25.9,33.46666667
17/07/2023 05:33,101.6584,34.9,25.6,33.46666667
17/07/2023 05:38,103.5591,34.6,24.9,33.4
17/07/2023 05:43,105.7088,34.9,26.2,33.16666667
17/07/2023 05:48,108.2403,34.8,24.5,33.23333333
17/07/2023 05:53,112.1164,35.1,25.5,33.26666667
17/07/2023 05:58,114.872,35.4,26.3,33.3
17/07/2023 06:03,117.1296,35,25.1,33.46666667
17/07/2023 06:08,116.7727,35.5,24.9,33.53333333
17/07/2023 06:13,118.6485,35.3,24.6,33.7
17/07/2023 06:18,120.8729,35.3,23.7,33.6
17/07/2023 06:23,124.3423,35.7,24.6,33.7
17/07/2023 06:28,129.7373,35.8,24,33.86666667
17/07/2023 06:33,137.9377,35.7,24.3,33.76666667
17/07/2023 06:38,146.6195,35.6,25,33.83333333
17/07/2023 06:43,147.6321,35.8,24.7,33.73333333
17/07/2023 06:48,153.0769,35.6,24.2,33.93333333
17/07/2023 06:53,153.7326,35.3,24.4,34.16666667
17/07/2023 06:58,492.4473,36.2,23.3,34.4
17/07/2023 07:03,806.5857,36.6,23,34.7
17/07/2023 07:08,834.4073,37.3,24.5,34.96666667
17/07/2023 07:13,223.1455,36,26.4,35.06666667
17/07/2023 07:18,873.1351,37,25.3,35.5
17/07/2023 07:23,880.2233,37,25.6,36.03333333
17/07/2023 07:28,180.2926,37.4,26.1,36.2
17/07/2023 07:33,830.8632,37.9,25.2,36.6
17/07/2023 07:38,843.0642,37.9,25.9,37
17/07/2023 07:43,803.7222,38.5,25.2,37.2
17/07/2023 07:48,824.7876,38.5,23.5,37.56666667
17/07/2023 07:53,807.7477,39.4,24.1,37.8
17/07/2023 07:58,791.4465,39.3,23.8,37.83333333
17/07/2023 08:03,776.6891,39.1,23.8,38.23333333
17/07/2023 08:08,792.1022,39.2,24.7,38.33333333
17/07/2023 08:13,787.1139,39.6,22.8,38.76666667
17/07/2023 08:18,232.6656,38.7,22.7,38.96666667
17/07/2023 08:23,746.0289,38.3,22.3,38.9
17/07/2023 08:28,692.0789,39.3,23.8,39.3
17/07/2023 08:33,744.3357,39,24,39.4
17/07/2023 08:38,730.5079,39,23.3,39.86666667
17/07/2023 08:43,747.4233,39.7,23.5,39.8
17/07/2023 08:48,720.3321,39.4,23.1,40.1
17/07/2023 08:53,725.1461,39.3,23,40.63333333
17/07/2023 08:58,684.5674,39.2,23.2,40.66666667
17/07/2023 09:03,680.8905,40,23.5,40.8
17/07/2023 09:08,693.4733,38.4,23.1,41.16666667
17/07/2023 09:13,680.5917,39.6,23.3,41.53333333
17/07/2023 09:18,635.9875,39.8,24.3,41.83333333
17/07/2023 09:23,631.1735,39.4,24.2,41.93333333
17/07/2023 09:28,636.2365,39.6,24.8,41.9
17/07/2023 09:33,615.4284,38.9,24.1,41.7
17/07/2023 09:38,623.0727,39.9,23.6,41.43333333
17/07/2023 09:43,603.9329,38.9,24.8,41.23333333
17/07/2023 09:48,163.8586,40.1,25.3,41.5
17/07/2023 09:53,119.4536,38.8,25.9,41.36666667
17/07/2023 09:58,566.4169,38.7,26.5,41.43333333
17/07/2023 10:03,553.1286,38.7,26.6,41.3
17/07/2023 10:08,521.6384,38,26.9,41.46666667
17/07/2023 10:13,137.5808,38.1,27.8,41.6
17/07/2023 10:18,125.0561,37.5,28,41.46666667
17/07/2023 10:23,491.5592,38.1,27.6,41.6
17/07/2023 10:28,478.246,38.8,27.4,41.93333333
17/07/2023 10:33,459.6374,39.4,27.3,42.16666667
17/07/2023 10:38,312.5116,38.1,27.2,42.43333333
17/07/2023 10:43,410.4267,38.5,27.2,42.96666667
17/07/2023 10:48,416.2533,38.9,27.2,43.23333333
17/07/2023 10:53,384.3564,39,27.4,43.76666667
17/07/2023 10:58,384.0244,38.8,26.8,43.83333333
17/07/2023 11:03,362.0045,38.6,26.7,44.23333333
17/07/2023 11:08,343.9769,38.9,26.6,44.16666667
17/07/2023 11:13,323.8743,38.5,26.8,43.66666667
17/07/2023 11:18,313.823,37.8,27,43.76666667
17/07/2023 11:23,287.7527,38.7,27.1,44
17/07/2023 11:28,276.058,38,27.1,44.26666667
17/07/2023 11:33,292.2098,38.3,27.2,44.73333333
17/07/2023 11:38,258.4869,37.7,27.6,44.5
17/07/2023 11:43,228.7895,37.4,26.4,44.1
17/07/2023 11:48,209.3011,37.2,27.2,43.93333333
17/07/2023 11:53,190.4933,37.5,27.7,43.73333333
17/07/2023 11:58,180.8736,37.3,28.1,43.6
17/07/2023 12:03,154.6207,37.2,28.6,43.76666667
17/07/2023 12:08,63.3622,36.6,29.3,44
17/07/2023 12:13,43.6663,36.1,30.5,43.83333333
17/07/2023 12:18,34.6027,35.5,31.6,43.5
17/07/2023 12:23,29.8136,35.5,32.8,42.6
17/07/2023 12:28,25.1324,35.1,33,41.86666667
17/07/2023 12:33,20.1192,34.7,34.2,41.16666667
17/07/2023 12:38,15.7202,34.6,34.8,40.83333333
17/07/2023 12:43,10.4248,34.5,35.4,40.1
17/07/2023 12:48,6.806,34.3,36.9,39.53333333
17/07/2023 12:53,4.399,34.2,38.4,39.76666667
17/07/2023 12:58,2.7556,34,39.8,39.9
17/07/2023 13:03,1.411,33,41.7,39.86666667
17/07/2023 13:08,0.6059,32.9,43.2,39.43333333
17/07/2023 13:13,0.2241,31.7,46.8,39.06666667
17/07/2023 13:18,0.0747,31.2,46.5,38.6
17/07/2023 13:23,0.0249,31.3,48,39.26666667
17/07/2023 13:28,0,30.7,51.3,39.03333333
17/07/2023 13:33,0,30.7,54.2,38.73333333
17/07/2023 13:38,0,30.3,55.6,38.66666667
17/07/2023 13:43,0,30.3,57.2,38.33333333
17/07/2023 13:48,0,29.9,58.2,38.5
17/07/2023 13:53,0,29.9,57.8,38.33333333
17/07/2023 13:58,0,29.8,57.1,37.8
17/07/2023 14:03,0,29.6,57.5,37.63333333
17/07/2023 14:08,0,29.2,60.9,38.3
17/07/2023 14:13,0,29.3,60.5,37.6
17/07/2023 14:18,0,29.2,60.1,38.33333333
17/07/2023 14:23,0,29.1,60.7,38.63333333
17/07/2023 14:28,0,29.2,60.4,37.96666667
17/07/2023 14:33,0,28.9,61.9,37.96666667
17/07/2023 14:38,0,29.1,61.5,38.06666667
17/07/2023 14:43,0,28.9,62.8,38.1
17/07/2023 14:48,0,28.7,64.4,37.9
17/07/2023 14:53,0,28.7,65.6,38.06666667
17/07/2023 14:58,0,28.4,64.3,38.06666667
17/07/2023 15:03,0,28.4,65.6,38.03333333
17/07/2023 15:08,0,28.2,65.7,37.83333333
17/07/2023 15:13,0,28.2,65.2,37.63333333
17/07/2023 15:18,0,28,66.2,37.03333333
17/07/2023 15:23,0,28,66.4,36.73333333
17/07/2023 15:28,0,28,65.9,37.26666667
17/07/2023 15:33,0,28.3,67,37.43333333
17/07/2023 15:38,0,28.3,68,37.6
17/07/2023 15:43,0,27.8,69.3,37.5
17/07/2023 15:48,0,27.8,69.2,37.43333333
17/07/2023 15:53,0,28,67.9,37.63333333
17/07/2023 15:58,0,28,67.4,37.56666667
17/07/2023 16:03,0,28,67.7,37.23333333
17/07/2023 16:08,0,28.1,69.1,37.63333333
17/07/2023 16:13,0,27.7,69.6,37.96666667
17/07/2023 16:18,0,27.7,70.6,38.06666667
17/07/2023 16:23,0,27.2,72.1,37.93333333
17/07/2023 16:28,0,27.3,73.8,37.8
17/07/2023 16:33,0,27.2,74.3,37.3
17/07/2023 16:38,0,27.3,73.6,37.13333333
17/07/2023 16:43,0,26.7,72.8,37.13333333
17/07/2023 16:48,0,27,72,36.73333333
17/07/2023 16:53,0,27.3,69.8,35.5
17/07/2023 16:58,0,27.2,71.2,35.8
17/07/2023 17:03,0,27.1,72.9,36.3
17/07/2023 17:08,0,27.1,72.1,36.3
17/07/2023 17:13,0,27,72.2,35.46666667
17/07/2023 17:18,0,26.9,72.8,34.46666667
17/07/2023 17:23,0,26.8,74,35.16666667
17/07/2023 17:28,0,26.5,73.3,35.56666667
17/07/2023 17:33,0,26.6,73.2,35.8
17/07/2023 17:38,0,26.8,73.7,34.96666667
17/07/2023 17:43,0,26.5,75.1,35
17/07/2023 17:48,0,26.8,74.5,35.06666667
17/07/2023 17:53,0,26.9,75.5,35.03333333
17/07/2023 17:58,0,26.5,75.4,35.2
17/07/2023 18:03,0,26.4,74.9,35.36666667
17/07/2023 18:08,0,26.3,76.2,35.3
17/07/2023 18:13,0,26.3,77.1,35.06666667
17/07/2023 18:18,0,26.4,76.8,34.96666667
17/07/2023 18:23,0,26.1,75.9,34.56666667
17/07/2023 18:28,0,26.4,76.3,34.53333333
17/07/2023 18:33,0,26.3,77,34.13333333
17/07/2023 18:38,0,26.1,77.6,33.63333333
17/07/2023 18:43,0,26.1,76.7,33.26666667
17/07/2023 18:48,0,25.8,77.9,33.03333333
17/07/2023 18:53,0,25.8,78.2,32.9
17/07/2023 18:58,0,25.9,76.8,32.96666667
17/07/2023 19:03,0,26.1,77.7,32.93333333
17/07/2023 19:08,0,25.9,78,32.63333333
17/07/2023 19:13,0,26,78.5,32.43333333
17/07/2023 19:18,0,25.4,79.4,31.8
17/07/2023 19:23,0,25.6,80.1,31.4
17/07/2023 19:28,0,25.8,80.1,31.06666667
17/07/2023 19:33,0,25.7,80.2,30.8
17/07/2023 19:38,0,25.4,80.4,30.5
17/07/2023 19:43,0,25.5,81.2,30.3
17/07/2023 19:48,0,25.4,81.1,30.1
17/07/2023 19:53,0,25.6,79.5,29.96666667
17/07/2023 19:58,0,25.8,80.2,29.76666667
17/07/2023 20:03,0,25.4,80.9,29.6
17/07/2023 20:08,0,25.2,80.7,29.26666667
17/07/2023 20:13,0,24.9,81,29.03333333
17/07/2023 20:18,0,24.9,80.4,28.9
17/07/2023 20:23,0,25.1,80.5,28.8
17/07/2023 20:28,0,25.1,80.4,28.63333333
17/07/2023 20:33,0,25.1,80.5,28.43333333
17/07/2023 20:38,0,24.8,81.3,28.26666667
17/07/2023 20:43,0,25.1,80.6,28.2
17/07/2023 20:48,0,24.9,81.5,28.06666667
17/07/2023 20:53,0,24.9,81.7,28.03333333
17/07/2023 20:58,0,25.2,81.7,28
17/07/2023 21:03,0,25.2,81.1,27.9
17/07/2023 21:08,0,25.1,82.2,27.8
17/07/2023 21:13,0,24.8,82.8,27.73333333
17/07/2023 21:18,0,25,82.8,27.7
17/07/2023 21:23,0,24.6,82.9,27.6
17/07/2023 21:28,0,24.6,83.8,27.56666667
17/07/2023 21:33,0,24.5,84.3,27.53333333
17/07/2023 21:38,0,24.7,83.4,27.46666667
17/07/2023 21:43,0,24.6,83.7,27.46666667
17/07/2023 21:48,0,24.3,84.2,27.33333333
17/07/2023 21:53,0,24.4,84.9,27.26666667
17/07/2023 21:58,0,24.3,85.5,27.33333333
17/07/2023 22:03,0,24.1,85.4,27.3
17/07/2023 22:08,0,24.2,86.3,27.23333333
17/07/2023 22:13,0,24.4,85.4,27.16666667
17/07/2023 22:18,0,24.2,84.9,27.13333333
17/07/2023 22:23,0,24.2,84.5,27.06666667
17/07/2023 22:28,0,24.3,84.8,27.06666667
17/07/2023 22:33,0,24.2,84.7,27
17/07/2023 22:38,0,24.2,84.6,27
17/07/2023 22:43,0.0249,24.3,84.7,26.93333333
17/07/2023 22:48,0.0747,24.6,84.9,26.93333333
17/07/2023 22:53,0.249,24.7,84.9,26.9
17/07/2023 22:58,0.6806,24.5,85.7,26.86666667
17/07/2023 23:03,1.5189,24.4,84.9,26.83333333
17/07/2023 23:08,2.8801,24.3,85,26.76666667
17/07/2023 23:13,4.8057,24,85.3,26.73333333
17/07/2023 23:18,6.9305,23.8,85.4,26.66666667
17/07/2023 23:23,9.7691,24.1,85.2,26.6
17/07/2023 23:28,12.45,24,85.1,26.6
17/07/2023 23:33,14.8819,24.1,84.8,26.56666667
17/07/2023 23:38,17.1561,24.2,85.2,26.63333333
17/07/2023 23:43,19.9947,24.1,85.4,26.66666667
17/07/2023 23:48,25.1075,24.4,84.4,26.8
17/07/2023 23:53,28.3196,24.5,84.3,26.9
17/07/2023 23:58,30.8843,24.7,82.8,26.96666667
18/07/2023 00:03,33.034,25.2,81.5,27.06666667
18/07/2023 00:08,35.4659,25.2,81.5,27
18/07/2023 00:13,37.4911,25.3,79.7,27.03333333
18/07/2023 00:18,39.4084,25.7,78.9,27.16666667
18/07/2023 00:23,41.4585,26.2,76.7,27.4
18/07/2023 00:28,42.828,26.4,75,27.53333333
18/07/2023 00:33,44.1477,26.6,74,27.6
18/07/2023 00:38,45.567,26.9,72.7,27.76666667
18/07/2023 00:43,46.7041,27.2,70.6,27.9
18/07/2023 00:48,44.073,26.6,66.5,27.93333333
18/07/2023 00:53,50.5719,26.7,65.2,28.13333333
18/07/2023 00:58,52.5722,27.2,61.7,28.2
18/07/2023 01:03,53.1864,27.7,57.7,28.43333333
18/07/2023 01:08,53.9417,28.1,54.4,28.56666667
18/07/2023 01:13,55.3859,28.4,54.2,28.73333333
18/07/2023 01:18,56.523,28.7,55.8,28.86666667
18/07/2023 01:23,57.436,28.9,55.3,29.03333333
18/07/2023 01:28,58.4984,29.2,54.9,29.16666667
18/07/2023 01:33,59.4114,29.5,54.5,29.3
18/07/2023 01:38,60.2995,29.4,51.8,29.36666667
18/07/2023 01:43,61.0548,29.8,50.9,29.5
18/07/2023 01:48,62.0923,29.6,49.8,29.66666667
18/07/2023 01:53,63.4369,30,48,29.76666667
18/07/2023 01:58,63.7606,30.1,47.4,29.9
18/07/2023 02:03,64.6238,30.4,46.9,29.93333333
18/07/2023 02:08,65.8688,30.7,46,30.06666667
18/07/2023 02:13,65.9684,30.7,45.2,30.1
18/07/2023 02:18,67.2051,30.9,43.7,30.23333333
18/07/2023 02:23,68.1679,31.1,42.9,30.36666667
18/07/2023 02:28,69.5623,31.3,41.4,30.53333333
18/07/2023 02:33,70.1931,31.3,39.9,30.63333333
18/07/2023 02:38,70.9318,31.3,38.6,30.8
18/07/2023 02:43,71.9195,31.3,36.8,30.93333333
18/07/2023 02:48,72.0689,31.5,36.9,31.03333333
18/07/2023 02:53,72.874,31.8,35.4,31.26666667
18/07/2023 02:58,74.5506,31.8,34.3,31.43333333
18/07/2023 03:03,75.9699,31.8,34.3,31.53333333
18/07/2023 03:08,76.7501,31.5,33.5,31.6
18/07/2023 03:13,78.3935,31.7,32.2,31.73333333
18/07/2023 03:18,79.0077,31.9,32.1,31.76666667
18/07/2023 03:23,79.8128,32.1,31.7,31.86666667
18/07/2023 03:28,80.4685,32.3,31.2,32
18/07/2023 03:33,80.8503,32.5,30.3,32.06666667
18/07/2023 03:38,81.1325,32.3,29.6,32.1
18/07/2023 03:43,81.3317,32.8,29.2,32.06666667
18/07/2023 03:48,83.9877,32.3,28.6,32.2
18/07/2023 03:53,87.4571,32.2,27.9,32.33333333
18/07/2023 03:58,91.9391,32.7,28.1,32.36666667
18/07/2023 04:03,94.8524,33,28,32.53333333
18/07/2023 04:08,93.7651,32.9,28.4,32.5
18/07/2023 04:13,101.2019,32.7,28,32.26666667
18/07/2023 04:18,111.5852,33.2,27.5,32.5
18/07/2023 04:23,119.7607,33.3,27.7,32.5
18/07/2023 04:28,119.3042,33.4,27.4,32.53333333
18/07/2023 04:33,107.3854,33.2,28.4,32.06666667
18/07/2023 04:38,127.2058,33.3,28,32.16666667
18/07/2023 04:43,110.1161,33.3,28.4,32.06666667
18/07/2023 04:48,120.848,33.3,28.8,31.93333333
18/07/2023 04:53,145.6069,33.5,28.8,32.03333333
18/07/2023 04:58,144.42,34.2,28.4,32.16666667
18/07/2023 05:03,160.9453,34,27.6,32.4
18/07/2023 05:08,166.8964,34.1,27.4,32.63333333
18/07/2023 05:13,158.8703,34.1,27.1,32.56666667
18/07/2023 05:18,154.2638,34.1,26.8,32.56666667
18/07/2023 05:23,187.7543,34,27.5,32.36666667
18/07/2023 05:28,186.8496,34.2,27.1,32.43333333
18/07/2023 05:33,206.5953,34.3,27.8,32.4
18/07/2023 05:38,183.3553,34.7,27.4,32.36666667
18/07/2023 05:43,208.0063,34.4,27.1,32.4
18/07/2023 05:48,192.0371,34.6,27.4,32.3
18/07/2023 05:53,213.3017,34.9,26.7,32.26666667
18/07/2023 05:58,243.605,35,26.4,32.33333333
18/07/2023 06:03,234.1845,34.7,27.1,32.3
18/07/2023 06:08,268.3058,35.3,26.1,32.26666667
18/07/2023 06:13,261.2176,35,26.4,32.26666667
18/07/2023 06:18,303.697,35.5,26.2,32.26666667
18/07/2023 06:23,279.0709,35.4,26.2,32.43333333
18/07/2023 06:28,257.1423,34.8,26.1,32.56666667
18/07/2023 06:33,276.4896,35.5,24.5,32.63333333
18/07/2023 06:38,294.3346,35.7,25.3,32.6
18/07/2023 06:43,298.634,36.1,25.7,32.6
18/07/2023 06:48,293.0398,35.7,24.9,32.73333333
18/07/2023 06:53,287.678,35.6,26.3,32.8
18/07/2023 06:58,281.4198,35.1,26.3,33.06666667
18/07/2023 07:03,276.639,34.7,27.1,33.26666667
18/07/2023 07:08,234.9232,35,27.5,33.53333333
18/07/2023 07:13,240.2352,34.6,27.9,33.83333333
18/07/2023 07:18,339.6692,34.8,27.1,34.1
18/07/2023 07:23,276.6888,35,27.7,34.43333333
18/07/2023 07:28,226.4904,34.9,28.2,34.63333333
18/07/2023 07:33,212.7456,34.7,28.6,34.86666667
18/07/2023 07:38,245.016,34.5,29.6,35.2
18/07/2023 07:43,313.6238,34.7,29,35.2
18/07/2023 07:48,245.8045,34.8,29.9,34.9
18/07/2023 07:53,252.9923,34.9,29.5,35.26666667
18/07/2023 07:58,215.3518,33.4,30.5,35.23333333
18/07/2023 08:03,224.9964,33.3,31.8,35.26666667
18/07/2023 08:08,246.3855,32.5,34.1,35.36666667
18/07/2023 08:13,261.5496,32.6,35,35.7
18/07/2023 08:18,243.2979,32.2,36.6,36.1
18/07/2023 08:23,199.5569,32.3,38.4,36.46666667
18/07/2023 08:28,161.8583,32.1,38.4,36.7
18/07/2023 08:33,140.2949,31.8,39.5,36.83333333
18/07/2023 08:38,125.7616,31.8,40,36.86666667
18/07/2023 08:43,120.0927,31.9,40.5,36.56666667
18/07/2023 08:48,122.2673,31.7,41.1,36.36666667
18/07/2023 08:53,130.4926,31.8,41.9,36.63333333
18/07/2023 08:58,141.5565,31.6,42.7,36.63333333
18/07/2023 09:03,162.6966,31.7,42.3,36.9
18/07/2023 09:08,190.7672,31.6,42.2,36.96666667
18/07/2023 09:13,212.7954,31.6,41.4,37.3
18/07/2023 09:18,222.5147,31.9,43.6,37.53333333
18/07/2023 09:23,162.6717,31.6,42.8,37.8
18/07/2023 09:28,134.4683,31.5,43.6,37.86666667
18/07/2023 09:33,108.1407,31.1,43.6,37.5
18/07/2023 09:38,86.6022,30.8,43.8,37.06666667
18/07/2023 09:43,75.281,30.7,44.7,37
18/07/2023 09:48,68.4003,30.4,45.2,37.03333333
18/07/2023 09:53,65.5866,30.2,45.8,37.1
18/07/2023 09:58,64.242,30.1,46,37.03333333
18/07/2023 10:03,65.8937,30.1,46.3,37.16666667
18/07/2023 10:08,69.5872,30.1,47,37.26666667
18/07/2023 10:13,69.4129,29.9,47.6,37.43333333
18/07/2023 10:18,71.5626,30.1,48,37.33333333
18/07/2023 10:23,71.7867,30.1,48.1,37.46666667
18/07/2023 10:28,70.3425,30.2,48.6,37.63333333
18/07/2023 10:33,67.23,30,49.6,37.9
18/07/2023 10:38,66.6241,29.8,50.4,38.13333333
18/07/2023 10:43,70.2927,29.5,51.5,38.36666667
18/07/2023 10:48,78.2192,29.4,52.7,39.1
18/07/2023 10:53,87.5069,29.5,52.3,39.53333333
18/07/2023 10:58,93.209,29.6,52.7,39.53333333
18/07/2023 11:03,85.5315,29.7,52.9,40.1
18/07/2023 11:08,68.4999,29.5,53.2,39.96666667
18/07/2023 11:13,52.4477,29.4,53.3,39.13333333
18/07/2023 11:18,40.3961,29.2,53.3,39.63333333
18/07/2023 11:23,34.9845,29.1,53.3,39.63333333
18/07/2023 11:28,31.3906,28.9,53.8,38.86666667
18/07/2023 11:33,30.5523,28.8,53.8,38.1
18/07/2023 11:38,32.37,28.9,53.9,37.93333333
18/07/2023 11:43,34.5031,29,54.4,37.76666667
18/07/2023 11:48,34.9845,29.2,54.5,37.73333333
18/07/2023 11:53,36.2461,29.3,55.2,39.03333333
18/07/2023 11:58,36.9848,29.3,55,40.03333333
18/07/2023 12:03,37.4911,29.3,55.2,40.56666667
18/07/2023 12:08,36.5781,29.2,55.2,40.43333333
18/07/2023 12:13,31.8388,29.3,55.1,39.83333333
18/07/2023 12:18,26.7509,29.2,55.2,38.96666667
18/07/2023 12:23,22.244,29,56.2,38.7
18/07/2023 12:28,17.7454,28.9,55.9,38.93333333
18/07/2023 12:33,12.5247,28.8,56.6,39.16666667
18/07/2023 12:38,8.5241,28.7,57.3,38.93333333
18/07/2023 12:43,6.1254,28.7,58.2,38.53333333
18/07/2023 12:48,3.4113,28.6,58.1,38
18/07/2023 12:53,1.8924,28.5,59,37.63333333
18/07/2023 12:58,0.83,28.4,59.7,38.13333333
18/07/2023 13:03,0.3735,28.4,59.6,38.1
18/07/2023 13:08,0.1743,28.4,60.3,37.8
18/07/2023 13:13,0.0498,28.4,60.7,37.4
18/07/2023 13:18,0,28.3,61,37.83333333
18/07/2023 13:23,0,28.3,61.5,38
18/07/2023 13:28,0,28.3,61.2,37.76666667
18/07/2023 13:33,0,28.3,61,37.76666667
18/07/2023 13:38,0,28.3,60.2,37.76666667
18/07/2023 13:43,0,28.2,60.7,37.73333333
18/07/2023 13:48,0,28.2,60.3,37.73333333
18/07/2023 13:53,0,28.4,60.1,37.7
18/07/2023 13:58,0,28.4,60.5,37.7
18/07/2023 14:03,0,28.4,61.6,37.73333333
18/07/2023 14:08,0,28.4,61.2,37.7
18/07/2023 14:13,0,28.3,62.2,37.7
18/07/2023 14:18,0,28.1,63.1,37.66666667
18/07/2023 14:23,0,28.3,63.5,37.6
18/07/2023 14:28,0,28.1,64.6,37.5
18/07/2023 14:33,0,27.9,65.1,37.53333333
18/07/2023 14:38,0,28.1,65,37.4
18/07/2023 14:43,0,28,64.9,37.23333333
18/07/2023 14:48,0,27.8,65.3,37.06666667
18/07/2023 14:53,0,27.8,65.5,36.93333333
18/07/2023 14:58,0,28,65.6,36.8
18/07/2023 15:03,0,28.1,66.3,36.63333333
18/07/2023 15:08,0,27.9,67,36.46666667
18/07/2023 15:13,0,28,66.6,36.3
18/07/2023 15:18,0,28.2,67.3,36.1
18/07/2023 15:23,0,28.1,67.6,35.93333333
18/07/2023 15:28,0,28.1,68.1,35.43333333
18/07/2023 15:33,0,28.1,68.2,34.9
18/07/2023 15:38,0,28.1,68.5,34.36666667
18/07/2023 15:43,0,28.1,68,33.86666667
18/07/2023 15:48,0,28,68.3,33.7
18/07/2023 15:53,0,27.7,67.6,33.63333333
18/07/2023 15:58,0,27.9,68.5,33.63333333
18/07/2023 16:03,0,27.8,69,33.56666667
18/07/2023 16:08,0,27.7,69.1,33.63333333
18/07/2023 16:13,0,27.8,69.5,33.7
18/07/2023 16:18,0,27.5,70.3,33.8
18/07/2023 16:23,0,27.6,71,33.5
18/07/2023 16:28,0,27.2,71.3,33.13333333
18/07/2023 16:33,0,27.3,71.1,32.83333333
18/07/2023 16:38,0,27.4,70.9,32.53333333
18/07/2023 16:43,0,27.4,71.5,32.26666667
18/07/2023 16:48,0,27.6,71.4,32.03333333
18/07/2023 16:53,0,27.6,71.4,31.83333333
18/07/2023 16:58,0,27.4,71.1,31.7
18/07/2023 17:03,0,27.5,71.8,31.53333333
18/07/2023 17:08,0,27.6,72.8,31.4
18/07/2023 17:13,0,27.6,72.4,31.33333333
18/07/2023 17:18,0,27.6,72.2,31.33333333
18/07/2023 17:23,0,27.7,72.6,31.3
18/07/2023 17:28,0,27.8,73,31.26666667
18/07/2023 17:33,0,27.8,73.3,31.2
18/07/2023 17:38,0,27.9,73.7,31.03333333
18/07/2023 17:43,0,27.6,74,30.86666667
18/07/2023 17:48,0,27.5,74,30.76666667
18/07/2023 17:53,0,27.7,74.2,30.8
18/07/2023 17:58,0,27.5,74.3,30.83333333
18/07/2023 18:03,0,27.3,73.6,30.93333333
18/07/2023 18:08,0,27.6,73.1,31
18/07/2023 18:13,0,27.7,72.5,30.9
18/07/2023 18:18,0,27.4,73.1,30.76666667
18/07/2023 18:23,0,27.1,72.7,30.66666667
18/07/2023 18:28,0,27,73.7,30.56666667
18/07/2023 18:33,0,26.9,73,30.46666667
18/07/2023 18:38,0,27.2,73.8,30.36666667
18/07/2023 18:43,0,27.3,73.5,30.36666667
18/07/2023 18:48,0,27.3,73.7,30.33333333
18/07/2023 18:53,0,27,73.9,30.3
18/07/2023 18:58,0,27.1,74.3,30.2
18/07/2023 19:03,0,27.2,74.9,30.16666667
18/07/2023 19:08,0,27.2,74.9,30.16666667
18/07/2023 19:13,0,27.3,75.9,30.06666667
18/07/2023 19:18,0,27.2,75.7,30
18/07/2023 19:23,0,27.4,75.6,29.9
18/07/2023 19:28,0,27.3,74.8,29.8
18/07/2023 19:33,0,27.2,75.2,29.7
18/07/2023 19:38,0,27.2,74.9,29.6
18/07/2023 19:43,0,27.2,74.9,29.5
18/07/2023 19:48,0,27.2,74.9,29.43333333
18/07/2023 19:53,0,27,76.1,29.3
18/07/2023 19:58,0,27.1,75.8,29.26666667
18/07/2023 20:03,0,27,75.4,29.2
18/07/2023 20:08,0,27.1,75.3,29.16666667
18/07/2023 20:13,0,26.8,75,29.1
18/07/2023 20:18,0,27,74,29.1
18/07/2023 20:23,0,26.7,73.8,29.1
18/07/2023 20:28,0,27,74.2,29.03333333
18/07/2023 20:33,0,26.8,75.2,29
18/07/2023 20:38,0,27,75.3,28.96666667
18/07/2023 20:43,0,26.8,75.5,28.96666667
18/07/2023 20:48,0,26.5,75.9,28.9
18/07/2023 20:53,0,26.2,76.7,28.86666667
18/07/2023 20:58,0,26.5,77.2,28.83333333
18/07/2023 21:03,0,26.5,77.5,28.8
18/07/2023 21:08,0,26.2,78.1,28.7
18/07/2023 21:13,0,26.2,78.6,28.66666667
18/07/2023 21:18,0,25.8,78.8,28.6
18/07/2023 21:23,0,25.9,78.9,28.53333333
18/07/2023 21:28,0,26.1,78.5,28.5
18/07/2023 21:33,0,26,78.8,28.46666667
18/07/2023 21:38,0,26.1,79.3,28.5
18/07/2023 21:43,0,26.2,79.8,28.5
18/07/2023 21:48,0,26.1,80.5,28.46666667
18/07/2023 21:53,0,25.8,80.7,28.43333333
18/07/2023 21:58,0,25.8,80.9,28.4
18/07/2023 22:03,0,26,81.3,28.36666667
18/07/2023 22:08,0,26,82.5,28.26666667
18/07/2023 22:13,0,25.8,82.3,28.2
18/07/2023 22:18,0,25.7,82.6,28.23333333
18/07/2023 22:23,0,25.5,83.4,28.2
18/07/2023 22:28,0,25.6,83.5,28.13333333
18/07/2023 22:33,0,25.8,83.8,28.13333333
18/07/2023 22:38,0,25.6,84,28.13333333
18/07/2023 22:43,0,25.8,84.1,28.13333333
18/07/2023 22:48,0.0249,25.9,84.7,28.06666667
18/07/2023 22:53,0.0747,25.8,85,28.03333333
18/07/2023 22:58,0.2739,25.7,85.2,28.03333333
18/07/2023 23:03,0.6557,25.7,85.1,28
18/07/2023 23:08,1.1869,25.7,84.9,28
18/07/2023 23:13,1.743,25.5,85.1,28
18/07/2023 23:18,2.6062,25.3,85.5,27.93333333
18/07/2023 23:23,3.6188,25.2,85.1,27.93333333
18/07/2023 23:28,5.0049,25.3,85.1,27.93333333
18/07/2023 23:33,7.5613,25.1,85.3,27.9
18/07/2023 23:38,11.3129,25,85.2,27.9
18/07/2023 23:43,15.0313,25,85,27.96666667
18/07/2023 23:48,18.3015,25,85,28
18/07/2023 23:53,19.2643,25.2,84.2,28.03333333
18/07/2023 23:58,20.833,25.2,83.5,28
19/07/2023 00:03,23.2566,25.3,82.9,27.96666667
19/07/2023 00:08,26.3774,25.4,82,28
19/07/2023 00:13,29.2326,25.3,81.7,28.03333333
19/07/2023 00:18,29.8385,25.2,80.8,28
19/07/2023 00:23,29.3654,25.1,80.5,28
19/07/2023 00:28,27.6141,24.8,81,28
19/07/2023 00:33,25.9956,24.5,81.6,27.96666667
19/07/2023 00:38,25.0328,24.4,82.4,27.86666667
19/07/2023 00:43,23.1819,24.4,82.1,27.93333333
19/07/2023 00:48,20.9575,24.3,82.3,27.86666667
19/07/2023 00:53,19.92,24.3,82.9,27.83333333
19/07/2023 00:58,21.0073,24.2,83,27.83333333
19/07/2023 01:03,23.5637,24.1,83,27.83333333
19/07/2023 01:08,26.1699,24.1,83.4,27.86666667
19/07/2023 01:13,29.4152,24.3,83.5,27.83333333
19/07/2023 01:18,31.8388,24.4,83.7,27.86666667
19/07/2023 01:23,31.4902,24.4,84,27.83333333
19/07/2023 01:28,30.6021,24.4,84.1,27.86666667
19/07/2023 01:33,29.3322,24.4,84.2,27.9
19/07/2023 01:38,30.1456,24.3,84.6,27.8
19/07/2023 01:43,34.0466,24.3,84.2,27.83333333
19/07/2023 01:48,36.9848,24.2,84.6,27.83333333
19/07/2023 01:53,36.0469,23.9,84.3,27.8
19/07/2023 01:58,35.7398,23.9,83.9,27.8
19/07/2023 02:03,35.9722,24,84,27.8
19/07/2023 02:08,36.6528,24,84.2,27.7
19/07/2023 02:13,39.4914,24.1,85.5,27.63333333
19/07/2023 02:18,45.9405,24.3,85.6,27.63333333
19/07/2023 02:23,50.3478,24.6,85.6,27.63333333
19/07/2023 02:28,51.7173,24.7,85.8,27.6
19/07/2023 02:33,50.547,24.5,85.7,27.6
19/07/2023 02:38,45.7911,24.4,85.4,27.66666667
19/07/2023 02:43,46.4468,23.9,84.6,27.73333333
19/07/2023 02:48,50.63,24.2,84,27.73333333
19/07/2023 02:53,53.7176,24.3,83.8,27.76666667
19/07/2023 02:58,49.8913,24.3,83.6,27.8
19/07/2023 03:03,47.7416,24.5,82.5,27.8
19/07/2023 03:08,50.4225,24.6,82.4,27.83333333
19/07/2023 03:13,56.3487,24.8,82.6,27.8
19/07/2023 03:18,65.3127,24.6,81.7,27.86666667
19/07/2023 03:23,74.8992,24.3,80.7,27.9
19/07/2023 03:28,76.6007,24.2,79.9,27.93333333
19/07/2023 03:33,76.3185,24.5,80.6,27.9
19/07/2023 03:38,78.6757,24.5,79.9,27.93333333
19/07/2023 03:43,83.3569,24.3,79.5,27.93333333
19/07/2023 03:48,89.2084,24.1,79,27.93333333
19/07/2023 03:53,87.7393,24.3,78.8,27.93333333
19/07/2023 03:58,92.2462,24.2,78.4,27.9
19/07/2023 04:03,87.8389,24.3,78.5,27.86666667
19/07/2023 04:08,84.2201,24.2,78.7,27.9
19/07/2023 04:13,80.0452,24.2,78.4,27.9
19/07/2023 04:18,67.2051,24.3,78.4,27.86666667
19/07/2023 04:23,80.6511,24.5,78.5,27.9
19/07/2023 04:28,93.6323,24.3,78.8,27.9
19/07/2023 04:33,96.4211,24.3,77.9,27.9
19/07/2023 04:38,92.0885,24.1,78.2,27.83333333
19/07/2023 04:43,89.7147,24.2,78.3,27.7
19/07/2023 04:48,86.5773,24.2,78.3,27.66666667
19/07/2023 04:53,76.3932,24,79.3,27.56666667
19/07/2023 04:58,76.0446,24.1,80,27.5
19/07/2023 05:03,83.2075,24.2,80.5,27.46666667
19/07/2023 05:08,85.4568,24.2,80,27.4
19/07/2023 05:13,94.2963,24.4,80.6,27.36666667
19/07/2023 05:18,94.9022,24.7,81.2,27.36666667
19/07/2023 05:23,42.4711,24.9,81.4,27.36666667
19/07/2023 05:28,65.8688,24.6,81,27.33333333
19/07/2023 05:33,60.3742,24.5,81.2,27.3
19/07/2023 05:38,84.0707,24.6,81.1,27.3
19/07/2023 05:43,83.664,24.6,81.8,27.26666667
19/07/2023 05:48,74.3929,24.5,81.7,27.3
19/07/2023 05:53,80.2942,24.6,81.3,27.33333333
19/07/2023 05:58,95.4832,24.5,81,27.33333333
19/07/2023 06:03,93.5327,24.7,80.7,27.36666667
19/07/2023 06:08,112.8468,24.8,80.2,27.36666667
19/07/2023 06:13,151.5829,25,80.3,27.43333333
19/07/2023 06:18,162.9207,25.2,79,27.5
19/07/2023 06:23,156.7206,25.2,79,27.56666667
19/07/2023 06:28,87.5318,25,78.3,27.56666667
19/07/2023 06:33,67.3379,24.8,78.3,27.6
19/07/2023 06:38,85.3572,24.9,78.3,27.63333333
19/07/2023 06:43,91.715,24.7,78.5,27.66666667
19/07/2023 06:48,139.4068,25,78.7,27.8
19/07/2023 06:53,136.0121,25.1,78.7,27.86666667
19/07/2023 06:58,112.5729,25.1,78.7,27.93333333
19/07/2023 07:03,116.2913,25.1,79.1,27.96666667
19/07/2023 07:08,145.0757,25.2,79.1,28.03333333
19/07/2023 07:13,157.4261,25.4,76.8,28.1
19/07/2023 07:18,213.3764,25.7,77.3,28.13333333
19/07/2023 07:23,199.1502,25.9,76,28.26666667
19/07/2023 07:28,232.9229,26.3,74.5,28.4
19/07/2023 07:33,198.7684,26.1,74.1,28.46666667
19/07/2023 07:38,208.8944,26.3,72.6,28.56666667
19/07/2023 07:43,215.0696,26.6,71.1,28.7
19/07/2023 07:48,138.5436,26.3,69.9,28.7
19/07/2023 07:53,131.6629,25.8,71,28.56666667
19/07/2023 07:58,153.8571,26.3,70.5,28.6
19/07/2023 08:03,150.2383,26.3,70,28.6
19/07/2023 08:08,138.112,26.4,70.4,28.56666667
19/07/2023 08:13,132.0613,26.3,70.3,28.56666667
19/07/2023 08:18,118.4991,26.7,69.3,28.63333333
19/07/2023 08:23,115.9676,26.5,70.6,28.63333333
19/07/2023 08:28,114.623,27,69.4,28.7
19/07/2023 08:33,82.2696,26.6,68.9,28.76666667
19/07/2023 08:38,109.7094,26.5,69,28.7
19/07/2023 08:43,138.6432,26.8,68.2,28.83333333
19/07/2023 08:48,123.0807,26.9,68.2,28.8
19/07/2023 08:53,184.5671,27.1,67.2,28.93333333
19/07/2023 08:58,203.8065,27.1,65.7,28.93333333
19/07/2023 09:03,184.1604,27.1,65.3,29.03333333
19/07/2023 09:08,214.9202,27.6,64.4,29.13333333
19/07/2023 09:13,194.5188,27.9,63.7,29.3
19/07/2023 09:18,189.3562,28,63.3,29.4
19/07/2023 09:23,209.4505,27.6,62.7,29.43333333
19/07/2023 09:28,202.3125,27.7,62.3,29.5
19/07/2023 09:33,160.3145,28,61.5,29.66666667
19/07/2023 09:38,185.9864,27.7,60.8,29.66666667
19/07/2023 09:43,131.6048,27.7,61.5,29.66666667
19/07/2023 09:48,120.8978,27.3,60.1,29.66666667
19/07/2023 09:53,147.2503,27.7,60.9,29.63333333
19/07/2023 09:58,96.2468,27.4,62.1,29.63333333
19/07/2023 10:03,142.5691,27.6,62.5,29.63333333
19/07/2023 10:08,126.0687,27.5,62.8,29.63333333
19/07/2023 10:13,95.6326,27.6,63,29.63333333
19/07/2023 10:18,72.957,27.7,63.9,29.63333333
19/07/2023 10:23,66.7237,27.4,65,29.6
19/07/2023 10:28,77.5386,27.3,65.9,29.5
19/07/2023 10:33,78.8998,27.2,67.7,29.4
19/07/2023 10:38,73.7621,27.2,68.7,29.36666667
19/07/2023 10:43,67.6118,27.1,69.5,29.36666667
19/07/2023 10:48,62.9555,27,70.4,29.2
19/07/2023 10:53,56.5728,27.2,71.6,29.16666667
19/07/2023 10:58,52.8295,26.9,73.3,29.1
19/07/2023 11:03,48.6297,27,73.6,29.1
19/07/2023 11:08,43.99,26.9,73.5,29.1
19/07/2023 11:13,39.1843,26.7,73.8,29.1
19/07/2023 11:18,37.3085,26.8,73.5,29
19/07/2023 11:23,36.9018,26.8,74.2,28.93333333
19/07/2023 11:28,36.0967,27,74.6,28.86666667
19/07/2023 11:33,35.6153,26.5,75.7,28.7
19/07/2023 11:38,34.0217,26.5,75.3,28.7
19/07/2023 11:43,29.4899,26.3,75.2,28.6
19/07/2023 11:48,24.6261,26.5,74.7,28.43333333
19/07/2023 11:53,20.7583,26.4,76.4,28.36666667
19/07/2023 11:58,18.6999,26.2,76.6,28.33333333
19/07/2023 12:03,17.6126,26.3,76.6,28.3
19/07/2023 12:08,16.019,26.4,76,28.23333333
19/07/2023 12:13,14.1764,26.3,76.5,28.23333333
19/07/2023 12:18,12.9065,26.5,76.9,28.3
19/07/2023 12:23,11.3627,26.2,77.5,28.2
19/07/2023 12:28,8.9308,26.1,77.5,28.03333333
19/07/2023 12:33,6.3246,26.2,78.3,27.86666667
19/07/2023 12:38,4.0504,26,78.8,27.93333333
19/07/2023 12:43,2.4236,26.1,78.9,28.1
19/07/2023 12:48,1.6683,26,79.4,28.03333333
19/07/2023 12:53,1.2367,26,79.7,28
19/07/2023 12:58,0.7055,25.9,80.1,28.06666667
19/07/2023 13:03,0.3486,25.8,80.5,28.03333333
19/07/2023 13:08,0.1494,25.9,80.6,28.2
19/07/2023 13:13,0.0498,25.7,80.7,28.46666667
19/07/2023 13:18,0,25.9,81.5,28.6
19/07/2023 13:23,0,25.8,81.2,28.7
19/07/2023 13:28,0,25.9,81.8,28.63333333
19/07/2023 13:33,0,26.1,82.1,28.53333333
19/07/2023 13:38,0,25.8,82.5,28.5
19/07/2023 13:43,0,25.4,83.7,28.4
19/07/2023 13:48,0,25.5,84.1,28.26666667
19/07/2023 13:53,0,25.5,84.4,28.2
19/07/2023 13:58,0,25.6,84.9,28.1
19/07/2023 14:03,0,25.7,85.2,28.06666667
19/07/2023 14:08,0,25.8,85.6,28.06666667
19/07/2023 14:13,0,25.8,86.2,28.03333333
19/07/2023 14:18,0,25.8,86.1,28
19/07/2023 14:23,0,26,85.8,28.03333333
19/07/2023 14:28,0,25.9,86,28.03333333
19/07/2023 14:33,0,25.6,86.4,28.03333333
19/07/2023 14:38,0,25.6,86.1,28.03333333
19/07/2023 14:43,0,25.7,86,28.03333333
19/07/2023 14:48,0,25.7,86.2,28.13333333
19/07/2023 14:53,0,25.7,86.6,28.23333333
19/07/2023 14:58,0,25.9,86.9,28.26666667
19/07/2023 15:03,0,25.9,87,28.4
19/07/2023 15:08,0,25.8,87.2,28.53333333
19/07/2023 15:13,0,25.9,87.5,28.66666667
19/07/2023 15:18,0,25.8,87.5,28.76666667
19/07/2023 15:23,0,25.8,87.2,28.9
19/07/2023 15:28,0,25.8,87.3,29.03333333
19/07/2023 15:33,0,25.8,87.7,29.1
19/07/2023 15:38,0,25.8,87.4,29.2
19/07/2023 15:43,0,25.8,87.6,29.3
19/07/2023 15:48,0,25.5,87.1,29.3
19/07/2023 15:53,0,25.8,87.4,29.5
19/07/2023 15:58,0,25.9,87.4,29.63333333
19/07/2023 16:03,0,26,87.6,29.86666667
19/07/2023 16:08,0,25.9,87.3,30.13333333
19/07/2023 16:13,0,25.9,87,30.46666667
19/07/2023 16:18,0,25.9,87.3,30.43333333
19/07/2023 16:23,0,25.9,87.3,30.53333333
19/07/2023 16:28,0,25.9,87.4,30.63333333
19/07/2023 16:33,0,26.1,87.1,30.5
19/07/2023 16:38,0,26,87.3,30.3
19/07/2023 16:43,0,25.7,87.4,30.13333333
19/07/2023 16:48,0,25.2,87,29.93333333
19/07/2023 16:53,0,25.2,87.1,29.73333333
19/07/2023 16:58,0,25.3,86.7,29.7
19/07/2023 17:03,0,25.5,86.2,29.73333333
19/07/2023 17:08,0,25.6,86.2,29.66666667
19/07/2023 17:13,0,25.3,86.2,29.6
19/07/2023 17:18,0,25.5,86.7,29.4
19/07/2023 17:23,0,25.7,87,29.23333333
19/07/2023 17:28,0,25.6,86.7,29.13333333
19/07/2023 17:33,0,25.6,86.1,29.03333333
19/07/2023 17:38,0,25.6,86.2,28.9
19/07/2023 17:43,0,25.5,86.2,28.8
19/07/2023 17:48,0,25.5,87.5,28.66666667
19/07/2023 17:53,0,25.4,87.1,28.56666667
19/07/2023 17:58,0,25.2,87.7,28.5
19/07/2023 18:03,0,25,87.1,28.46666667
19/07/2023 18:08,0,24.8,87.3,28.43333333
19/07/2023 18:13,0,25,88.3,28.26666667
19/07/2023 18:18,0,24.9,88.4,28.16666667
19/07/2023 18:23,0,24.9,88.8,28.06666667
19/07/2023 18:28,0,24.9,88.9,28
19/07/2023 18:33,0,24.9,88.5,27.83333333
19/07/2023 18:38,0,24.9,88.7,27.8
19/07/2023 18:43,0,24.8,88.6,27.73333333
19/07/2023 18:48,0,24.8,88.6,27.7
19/07/2023 18:53,0,24.8,89.4,27.56666667
19/07/2023 18:58,0,24.9,89.1,27.56666667
19/07/2023 19:03,0,24.9,89.1,27.53333333
19/07/2023 19:08,0,24.8,88.7,27.5
19/07/2023 19:13,0,25,88.6,27.5
19/07/2023 19:18,0,25.3,88.4,27.5
19/07/2023 19:23,0,25.4,88.8,27.46666667
19/07/2023 19:28,0,25.4,88.6,27.36666667
19/07/2023 19:33,0,25.3,89,27.36666667
19/07/2023 19:38,0,25.2,89.2,27.3
19/07/2023 19:43,0,25.4,89.1,27.26666667
19/07/2023 19:48,0,25.3,89.3,27.23333333
19/07/2023 19:53,0,25.2,89.3,27.13333333
19/07/2023 19:58,0,25,89.4,27.16666667
19/07/2023 20:03,0,24.7,89.1,27.1
19/07/2023 20:08,0,24.7,89,27.06666667
19/07/2023 20:13,0,24.7,88.9,27.03333333
19/07/2023 20:18,0,24.8,88.6,27.06666667
19/07/2023 20:23,0,24.8,88.5,27.03333333
19/07/2023 20:28,0,24.7,89,26.96666667
19/07/2023 20:33,0,24.8,89.2,26.93333333
19/07/2023 20:38,0,24.7,89.3,26.8
19/07/2023 20:43,0,24.7,89.3,26.8
19/07/2023 20:48,0,24.8,88.9,26.83333333
19/07/2023 20:53,0,24.9,88.9,26.8
19/07/2023 20:58,0,25,88.7,26.83333333
19/07/2023 21:03,0,24.8,88.4,26.8
19/07/2023 21:08,0,24.9,88.7,26.8
19/07/2023 21:13,0,25,88.6,26.8
19/07/2023 21:18,0,24.8,88.5,26.83333333
19/07/2023 21:23,0,24.8,89,26.8
19/07/2023 21:28,0,24.7,88.7,26.76666667
19/07/2023 21:33,0,24.9,88.4,26.8
19/07/2023 21:38,0,25.2,88.2,26.8
19/07/2023 21:43,0,25.1,88.4,26.76666667
19/07/2023 21:48,0,25.1,88.2,26.76666667
19/07/2023 21:53,0,25.1,88.2,26.73333333
19/07/2023 21:58,0,25.1,87.9,26.73333333
19/07/2023 22:03,0,25,88.5,26.66666667
19/07/2023 22:08,0,24.8,88.5,26.63333333
19/07/2023 22:13,0,24.7,88,26.73333333
19/07/2023 22:18,0,24.8,88.1,26.73333333
19/07/2023 22:23,0,24.9,88.1,26.7
19/07/2023 22:28,0,25.1,87.7,26.7
19/07/2023 22:33,0,25.1,87.5,26.7
19/07/2023 22:38,0,24.9,88.2,26.63333333
19/07/2023 22:43,0,25,88.5,26.66666667
19/07/2023 22:48,0.0249,25,88.1,26.66666667
19/07/2023 22:53,0.0498,25.1,88.1,26.63333333
19/07/2023 22:58,0.1743,25.2,88.2,26.7
19/07/2023 23:03,0.3984,25.1,88.4,26.73333333
19/07/2023 23:08,0.7802,25,88.7,26.66666667
19/07/2023 23:13,1.3363,24.7,88.8,26.7
19/07/2023 23:18,2.0999,24.8,88.2,26.7
19/07/2023 23:23,2.7556,25,88,26.7
19/07/2023 23:28,3.7433,25.1,87.7,26.73333333
19/07/2023 23:33,4.5567,25.2,87.5,26.76666667
19/07/2023 23:38,5.1128,25.2,87.3,26.7
19/07/2023 23:43,6.1254,25.4,87.2,26.7
19/07/2023 23:48,9.213,25.2,87.6,26.7
19/07/2023 23:53,11.9935,25.4,86.9,26.76666667
19/07/2023 23:58,15.8198,25.5,86.5,26.76666667
20/07/2023 00:03,18.5754,25.7,86.7,26.86666667
20/07/2023 00:08,21.8954,25.7,86.5,26.9
20/07/2023 00:13,27.2323,25.5,86.2,26.86666667
20/07/2023 00:18,33.283,25.5,85.7,26.93333333
20/07/2023 00:23,34.7521,25.4,84.9,27.03333333
20/07/2023 00:28,37.1093,25.5,84.3,27.03333333
20/07/2023 00:33,39.4914,25.7,84.3,27.03333333
20/07/2023 00:38,41.7656,25.6,84,27.06666667
20/07/2023 00:43,43.2845,25.6,83.4,27.1
20/07/2023 00:48,41.915,25.9,82.8,27.16666667
20/07/2023 00:53,39.01,25.9,82.6,27.2
20/07/2023 00:58,41.9399,25.6,82,27.16666667
20/07/2023 01:03,44.9279,25.5,81.9,27.2
20/07/2023 01:08,58.3241,25.7,81.4,27.23333333
20/07/2023 01:13,65.1301,25.7,81.2,27.2
20/07/2023 01:18,69.9939,26.1,81,27.3
20/07/2023 01:23,80.1697,25.9,80.3,27.3
20/07/2023 01:28,88.5444,26,79.5,27.33333333
20/07/2023 01:33,95.284,26.3,78.6,27.43333333
20/07/2023 01:38,101.4343,26.5,77.5,27.5
20/07/2023 01:43,108.1407,26.5,76.7,27.6
20/07/2023 01:48,117.7355,26.7,75.5,27.7
20/07/2023 01:53,125.3798,27,74,27.8
20/07/2023 01:58,126.6497,27,73.1,27.96666667
20/07/2023 02:03,125.911,27.1,71.7,28.06666667
20/07/2023 02:08,125.1557,27.4,70.6,28.1
20/07/2023 02:13,130.2436,27.2,70.5,28.13333333
20/07/2023 02:18,131.638,27.3,69.6,28.23333333
20/07/2023 02:23,129.2559,27.3,69.5,28.2
20/07/2023 02:28,140.6933,27.1,68.5,28.33333333
20/07/2023 02:33,135.207,27.5,68,28.4
20/07/2023 02:38,148.3708,27.9,67.8,28.43333333
20/07/2023 02:43,143.7062,27.6,67.2,28.46666667
20/07/2023 02:48,132.4431,27.7,66.5,28.56666667
20/07/2023 02:53,160.5718,28.2,65,28.6
20/07/2023 02:58,158.9201,27.9,65.5,28.63333333
20/07/2023 03:03,164.9957,28.4,64.9,28.7
20/07/2023 03:08,153.6828,28.3,64.2,28.76666667
20/07/2023 03:13,162.7464,28.1,63.4,28.86666667
20/07/2023 03:18,182.268,28.6,62.9,29
20/07/2023 03:23,203.7816,28.3,61.5,29.16666667
20/07/2023 03:28,182.1352,28.7,60.5,29.26666667
20/07/2023 03:33,165.4273,28.8,60.1,29.26666667
20/07/2023 03:38,153.3508,28.5,59.3,29.33333333
20/07/2023 03:43,161.9828,28.6,59.1,29.4
20/07/2023 03:48,179.8859,28.8,58.6,29.43333333
20/07/2023 03:53,236.4089,28.8,56.6,29.63333333
20/07/2023 03:58,238.3345,29.8,54.6,29.9
20/07/2023 04:03,252.818,29.8,52.5,30.13333333
20/07/2023 04:08,210.1892,29.5,52.4,30.13333333
20/07/2023 04:13,209.9568,29.1,52.4,30.03333333
20/07/2023 04:18,225.6023,29.2,52.3,30.1
20/07/2023 04:23,237.3468,29.1,52.8,30
20/07/2023 04:28,251.8054,29.4,51.9,30.03333333
20/07/2023 04:33,235.0228,29.2,52.9,29.93333333
20/07/2023 04:38,239.6791,29.9,53,29.93333333
20/07/2023 04:43,237.4796,29.6,52.1,29.9
20/07/2023 04:48,274.0826,29.9,52.3,30.03333333
20/07/2023 04:53,330.5309,30.3,50.2,30.33333333
20/07/2023 04:58,345.0393,30.6,48.1,30.6
20/07/2023 05:03,323.5257,30.4,46.3,30.8
20/07/2023 05:08,325.1691,30.8,46,30.93333333
20/07/2023 05:13,330.5807,31,45.6,31
20/07/2023 05:18,331.9502,31,44.5,31.4
20/07/2023 05:23,271.8001,30.6,42.6,31.36666667
20/07/2023 05:28,326.4058,30,44.1,31.2
20/07/2023 05:33,346.1017,30.3,43.2,31.33333333
20/07/2023 05:38,339.5696,30.8,44.1,31.2
20/07/2023 05:43,379.7748,30.8,42.9,31.26666667
20/07/2023 05:48,364.7352,31.2,43.8,31.13333333
20/07/2023 05:53,340.3083,30.4,44,31.13333333
20/07/2023 05:58,283.8268,30.6,44.6,31.06666667
20/07/2023 06:03,220.3152,30.9,45.5,30.8
20/07/2023 06:08,254.5112,30.8,46.1,30.76666667
20/07/2023 06:13,276.639,30.9,47.1,30.7
20/07/2023 06:18,256.0301,30.9,47.2,30.83333333
20/07/2023 06:23,264.4878,30.7,48.6,30.53333333
20/07/2023 06:28,325.8746,30.9,47.2,30.73333333
20/07/2023 06:33,426.5287,31.9,46.7,30.93333333
20/07/2023 06:38,396.7068,31.9,47,30.93333333
20/07/2023 06:43,321.6748,32.7,45.8,31.33333333
20/07/2023 06:48,173.0467,31.4,46,31.2
20/07/2023 06:53,174.9972,31.5,45.9,31.16666667
20/07/2023 06:58,207.0186,31.5,46.7,31.13333333
20/07/2023 07:03,668.897,32.1,46,31.2
20/07/2023 07:08,809.0923,33,45.6,31.43333333
20/07/2023 07:13,816.305,32.8,43.4,31.83333333
20/07/2023 07:18,815.5414,32.4,41.9,32.03333333
20/07/2023 07:23,882.1987,33.6,42.8,32.06666667
20/07/2023 07:28,780.4324,33.8,42.3,32.33333333
20/07/2023 07:33,427.5164,32.6,43.2,32.1
20/07/2023 07:38,463.6629,32.7,42.9,32.16666667
20/07/2023 07:43,571.4301,32.3,42.5,32.16666667
20/07/2023 07:48,769.5428,32.2,43.6,32.1
20/07/2023 07:53,708.4133,33.9,43.4,32.23333333
20/07/2023 07:58,823.3932,33.5,42.6,32.3
20/07/2023 08:03,810.3788,34,41.8,32.46666667
20/07/2023 08:08,808.835,33.9,42.4,32.5
20/07/2023 08:13,790.8655,33.9,41.3,32.73333333
20/07/2023 08:18,790.4837,34.6,41.5,32.83333333
20/07/2023 08:23,757.5493,33.9,40.1,33.16666667
20/07/2023 08:28,727.9017,34.1,40.5,33.3
20/07/2023 08:33,740.2106,34.2,39.6,33.5
20/07/2023 08:38,724.6647,32.4,39.5,33.6
20/07/2023 08:43,744.51,34.1,40.3,33.7
20/07/2023 08:48,719.527,34.1,40.5,34
20/07/2023 08:53,653.3013,34.5,39.6,34.23333333
20/07/2023 08:58,728.7898,34.8,39,34.53333333
20/07/2023 09:03,637.855,34.9,39.1,34.63333333
20/07/2023 09:08,278.3571,34.5,40.5,34.23333333
20/07/2023 09:13,200.0383,34.1,41.2,34.2
20/07/2023 09:18,141.6312,33.1,41.2,34.23333333